url,titre,type,public,derniere_maj_sitemap,recommandation,verifie
https://www.mgi-paris.org/,Accueil,Page institutionnelle,Tous,2026-07-07,Garder (refondre),oui
https://www.mgi-paris.org/feed/,Flux RSS,Feed technique,—,2026-07-23,Supprimer du sitemap (noindex),non (déduit du slug)
https://www.mgi-paris.org/comments/feed/,Flux RSS,Feed technique,—,2026-07-23,Supprimer du sitemap (noindex),non (déduit du slug)
https://www.mgi-paris.org/qui-sommes-nous-2/,Qui sommes-nous ? (version courante),Page institutionnelle,Partenaires/institutions,2026-01-21,Garder (fusionner avec /qui-sommes-nous/),oui
https://www.mgi-paris.org/lieu-la-mgi-un-centre-de-creation-et-de-mediation-artistique-pour-la-jeunesse/,Lieu de création artistique pour la jeunesse,Page institutionnelle,Tous / pros (location),2025-08-22,"Garder, raccourcir l'URL",oui
https://www.mgi-paris.org/partenaires/,Partenaires,Page institutionnelle,Partenaires/institutions,2024-05-24,"Garder (page très courte, 462 car.)",oui
https://www.mgi-paris.org/equipe/,Équipe,Page institutionnelle,Partenaires/institutions,2026-03-30,Garder,oui
https://www.mgi-paris.org/wp-content/uploads/2024/10/RDP_MGI_2023-24.pdf,RDP_MGI_2023-24.pdf,PDF/document,Selon le document,2024-10-10,"Garder (presse/brochure), lien depuis page dédiée",non (déduit du slug)
https://www.mgi-paris.org/stages-ados-photo-theatre-video-danse-vacances-samedis-2026-2027/,Stages vacances & ateliers hebdo 12-20 ans (2026-2027),Offre en cours,Parents/ados,2026-06-30,"Garder, URL sans saison",oui
https://www.mgi-paris.org/printemps-d-automne-saison-9-stages-vacances-toussaint-theatre-photo-video-stage-ados-de-12-a-16-ans/,Printemps d'automne saison 9 (Toussaint 19-23 oct. 2026),Offre en cours,Parents/ados,2026-07-08,Fusionner dans /stages-ados/ (nom interne + date dans l'URL),oui
https://www.mgi-paris.org/stage-theatre-ados-paris-12-16-ans-vacances-toussaint-19-23-octobre-2026/,Stage théâtre ados Toussaint 2026,Offre en cours,Parents/ados,2026-06-30,"Garder, URL stable /stages-ados/theatre/",oui
https://www.mgi-paris.org/stage-photo-ado-vacances-toussaint-octobre-2026-atelier-paris/,Stage photo ados Toussaint 2026,Offre en cours,Parents/ados,2026-06-30,"Garder, URL stable /stages-ados/photo/",oui
https://www.mgi-paris.org/stage-video-ados-paris-12-16-ans-vacances-toussaint-19-23-octobre-2026/,Stage vidéo ados Toussaint 2026,Offre en cours,Parents/ados,2026-06-30,"Garder, URL stable /stages-ados/video/",oui
https://www.mgi-paris.org/haut-parleurs-2026-2027-6e-edition-jeunesse-et-democratie-qunadles-jeunes-donnent-de-la-voix/,"Haut-Parleurs 6e édition (samedis, 14-18 ans)",Offre en cours,Parents/ados + écoles,2026-06-30,"Garder, renommer en clair (nom interne), URL sans année, coquille « qunadles » dans l'URL",oui
https://www.mgi-paris.org/rendez-vous-2025-2026/,Agenda 2025-2026,Doublon de saison,Tous,2026-07-07,Archiver,oui
https://www.mgi-paris.org/societe-en-jeu-2025-2026/,Thème 25-26 : Société en·jeux,Thème annuel (passé),Enseignants,2026-07-07,Archiver (habillage éditorial),oui
https://www.mgi-paris.org/ateliers-de-pratique-artistique-pendant-le-temps-scolaire-mode-d-emploi/,Parcours artistique en classe (mode d'emploi),Offre en cours,Enseignants,2025-10-06,"Garder, URL /ecoles/ateliers-en-classe/",oui
https://www.mgi-paris.org/stages-ados-photo-theatre-video-danse-vacances-samedis-2025-2026/,Stages vacances & ateliers hebdo 12-18 ans (2025-2026),Doublon de saison,Parents/ados,2026-02-20,Supprimer / 301 vers la page stages unique,oui
https://www.mgi-paris.org/pouvoir-s-2023-2024/,Thème 23-24 : Pouvoir·s en corps,Thème annuel (passé),Enseignants,2024-07-18,Archiver,oui
https://www.mgi-paris.org/pouvoir-s-2022-2023/,Thème 22-23 : Pouvoir·s,Thème annuel (passé),Enseignants,2022-10-14,Archiver,oui
https://www.mgi-paris.org/fraternite-sororite-2021-2022/,Thème 21-22 : Fraternité·Sororité,Thème annuel (passé),Enseignants,2022-07-08,Archiver,oui
https://www.mgi-paris.org/egalite-s-fil-rouge-edito-2020-2021/,Thème 20-21 : Égalité·s,Thème annuel (passé),Enseignants,2022-07-08,Archiver,oui
https://www.mgi-paris.org/liberte-s-theme-2019-2020-ressources/,Thème 19-20 : Liberté·s,Thème annuel (passé),Enseignants,2022-07-11,Archiver,oui
https://www.mgi-paris.org/formation-professionnelle/,Formation professionnelle continue,Formation,Professionnels,2026-07-08,"Garder (priorité n°2), 1 page par formation",oui
https://www.mgi-paris.org/infos-pratiques/,"Infos pratiques (contact, horaires, accès)",Page institutionnelle,Tous,2026-05-22,"Garder, fusionner Lieu + Contact",oui
https://www.mgi-paris.org/newsletter-abonnement/,Newsletter,Utilitaire,Tous,2025-12-01,Garder (pied de page),oui
https://www.mgi-paris.org/qui-sommes-nous/,"Qui sommes-nous ? (ancienne version, H1 absent)",Page institutionnelle,Partenaires/institutions,2025-10-06,Fusionner dans /qui-sommes-nous-2/ puis redirection 301,oui
https://www.mgi-paris.org/portfolio/le-cyanotype-photographie-formation-concevoir-un-projet-pour-un-groupe-d-enfants-d-adolescents/,le cyanotype photographie formation concevoir un projet pour un groupe d enfants d adolescents,Réalisation / fiche formation,Professionnels,2026-06-01,Fusionner dans la page de la formation concernée,non (déduit du slug)
https://www.mgi-paris.org/portfolio/compartiment-c-creation-sonore-formation-concevoir-un-projet-pour-un-groupe-d-enfants-d-adolescents/,compartiment c creation sonore formation concevoir un projet pour un groupe d enfants d adolescents,Réalisation / fiche formation,Professionnels,2026-06-01,Fusionner dans la page de la formation concernée,non (déduit du slug)
https://www.mgi-paris.org/portfolio/20e-edition-des-cines-la-vie-lucioles-frederique-ribis-2026/,20e edition des cines la vie lucioles frederique ribis 2026,Réalisation (atelier / projet),Enseignants,2026-04-17,Archiver (galerie filtrable) ; garder les 10-20 plus récentes,non (déduit du slug)
https://www.mgi-paris.org/portfolio/odysee-de-l-endurance-residence-cinema-a-la-mgi-theatre-de-la-poudrerie-orchestre-spectacle-montreuil/,odysee de l endurance residence cinema a la mgi theatre de la poudrerie orchestre spectacle montreuil,Réalisation (atelier / projet),Enseignants,2026-04-08,Archiver (galerie filtrable) ; garder les 10-20 plus récentes,non (déduit du slug)
https://www.mgi-paris.org/portfolio/etranges-creatures-haut-parleurs-5e-edition-2025-2026/,etranges creatures haut parleurs 5e edition 2025 2026,Réalisation (Haut-Parleurs),Parents/ados,2026-04-17,Archiver (galerie filtrable),non (déduit du slug)
https://www.mgi-paris.org/portfolio/quartier-3-destruction-totale-stages-vacances-d-hiver-2026-printemps-d-automne-saison-8/,quartier 3 destruction totale stages vacances d hiver 2026 printemps d automne saison 8,Réalisation (stage vacances),Parents/ados,2026-04-07,Archiver (galerie filtrable),non (déduit du slug)
https://www.mgi-paris.org/portfolio/la-petite-machine-a-remonter-le-temps-feste-du-court-metrage-2024-college-francoise-dolto/,la petite machine a remonter le temps feste du court metrage 2024 college francoise dolto,Réalisation (atelier / projet),Enseignants,2026-02-12,Archiver (galerie filtrable) ; garder les 10-20 plus récentes,non (déduit du slug)
https://www.mgi-paris.org/portfolio/atelier-video-stop-motion-college-des-francs-bourgeois-2024-2025/,atelier video stop motion college des francs bourgeois 2024 2025,Réalisation (atelier / projet),Enseignants,2025-10-03,Archiver (galerie filtrable) ; garder les 10-20 plus récentes,non (déduit du slug)
https://www.mgi-paris.org/portfolio/atelier-theatre-3e-college-george-braque-2024-2025/,atelier theatre 3e college george braque 2024 2025,Réalisation (atelier / projet),Enseignants,2025-11-03,Archiver (galerie filtrable) ; garder les 10-20 plus récentes,non (déduit du slug)
https://www.mgi-paris.org/portfolio/au-coeur-du-vivant-objectif-photos-2025/,au coeur du vivant objectif photos 2025,Réalisation (atelier / projet),Enseignants,2025-11-03,Archiver (galerie filtrable) ; garder les 10-20 plus récentes,non (déduit du slug)
https://www.mgi-paris.org/portfolio/atelier-video-college-montaigne-classe-de-3e-latin-grec-alexandre-mendez-2024-2025/,atelier video college montaigne classe de 3e latin grec alexandre mendez 2024 2025,Réalisation (atelier / projet),Enseignants,2025-10-03,Archiver (galerie filtrable) ; garder les 10-20 plus récentes,non (déduit du slug)
https://www.mgi-paris.org/portfolio/atelier-ecriture-cm2-ecole-annette-zaidman-fabien-arca-2024-2025/,atelier ecriture cm2 ecole annette zaidman fabien arca 2024 2025,Réalisation (atelier / projet),Enseignants,2025-07-01,Archiver (galerie filtrable) ; garder les 10-20 plus récentes,non (déduit du slug)
https://www.mgi-paris.org/portfolio/atelier-video-stop-motion-ecole-maternelle-nelson-mandela-le-pre-saint-gervais-publicite-2024-2025/,atelier video stop motion ecole maternelle nelson mandela le pre saint gervais publicite 2024 2025,Réalisation (atelier / projet),Enseignants,2025-05-28,Archiver (galerie filtrable) ; garder les 10-20 plus récentes,non (déduit du slug)
https://www.mgi-paris.org/portfolio/et-si-mon-corps-etait-un-arbre-danse-ecole-college-lycee-2024-2025/,et si mon corps etait un arbre danse ecole college lycee 2024 2025,Réalisation (atelier / projet),Enseignants,2026-03-25,Archiver (galerie filtrable) ; garder les 10-20 plus récentes,non (déduit du slug)
https://www.mgi-paris.org/portfolio/19e-edition-des-cines-la-vie-lucioles-frederique-ribis-2024-2025/,19e edition des cines la vie lucioles frederique ribis 2024 2025,Réalisation (atelier / projet),Enseignants,2025-04-23,Archiver (galerie filtrable) ; garder les 10-20 plus récentes,non (déduit du slug)
https://www.mgi-paris.org/portfolio/albert-et-compangie-stages-vacances-hiver-2025-theatre-video/,albert et compangie stages vacances hiver 2025 theatre video,Réalisation (stage vacances),Parents/ados,2025-04-23,Archiver (galerie filtrable),non (déduit du slug)
https://www.mgi-paris.org/portfolio/albert-et-compangie-stages-toussaint-2024-printemps-d-automne-saison-7/,albert et compangie stages toussaint 2024 printemps d automne saison 7,Réalisation (stage vacances),Parents/ados,2026-03-31,Archiver (galerie filtrable),non (déduit du slug)
https://www.mgi-paris.org/portfolio/la-beaute-du-geste-objectif-photos-2024/,la beaute du geste objectif photos 2024,Réalisation (atelier / projet),Enseignants,2025-06-11,Archiver (galerie filtrable) ; garder les 10-20 plus récentes,non (déduit du slug)
https://www.mgi-paris.org/portfolio/les-pieuvres-de-sophie-merceron-projet-theatre-cp-ecole-torcy-occe-thea-avec-marie-abada-simon/,les pieuvres de sophie merceron projet theatre cp ecole torcy occe thea avec marie abada simon,Réalisation (atelier / projet),Enseignants,2024-07-10,Archiver (galerie filtrable) ; garder les 10-20 plus récentes,non (déduit du slug)
https://www.mgi-paris.org/portfolio/enseignements-optionnels-theatre-en-lycee/,enseignements optionnels theatre en lycee,Réalisation (atelier / projet),Enseignants,2024-10-08,Archiver (galerie filtrable) ; garder les 10-20 plus récentes,non (déduit du slug)
https://www.mgi-paris.org/portfolio/je-est-un-autre-projet-photo-college-joliot-curie-avec-francesca-loprieno/,je est un autre projet photo college joliot curie avec francesca loprieno,Réalisation (atelier / projet),Enseignants,2024-07-10,Archiver (galerie filtrable) ; garder les 10-20 plus récentes,non (déduit du slug)
https://www.mgi-paris.org/portfolio/le-monde-dans-une-boite-projet-photo-college-victor-hugo-avec-francesca-loprieno/,le monde dans une boite projet photo college victor hugo avec francesca loprieno,Réalisation (atelier / projet),Enseignants,2024-07-08,Archiver (galerie filtrable) ; garder les 10-20 plus récentes,non (déduit du slug)
https://www.mgi-paris.org/portfolio/projet-theatre-college-paul-verlaine-chantal-petillot-metteure-en-scene/,projet theatre college paul verlaine chantal petillot metteure en scene,Réalisation (atelier / projet),Enseignants,2024-07-10,Archiver (galerie filtrable) ; garder les 10-20 plus récentes,non (déduit du slug)
https://www.mgi-paris.org/portfolio/lecture-pour-tous-projet-theatre-college-louise-michel-avec-marie-abada-simon/,lecture pour tous projet theatre college louise michel avec marie abada simon,Réalisation (atelier / projet),Enseignants,2024-07-10,Archiver (galerie filtrable) ; garder les 10-20 plus récentes,non (déduit du slug)
https://www.mgi-paris.org/portfolio/a-ton-tour-ateliers-cinema-d-animation-9-11-ans-les-mercredis-de-janvier-avril-2024/,a ton tour ateliers cinema d animation 9 11 ans les mercredis de janvier avril 2024,Réalisation (atelier / projet),Enseignants,2024-07-01,Archiver (galerie filtrable) ; garder les 10-20 plus récentes,non (déduit du slug)
https://www.mgi-paris.org/portfolio/des-cines-la-vie-lucioles-frederique-ribis/,des cines la vie lucioles frederique ribis,Réalisation (atelier / projet),Enseignants,2024-12-10,Archiver (galerie filtrable) ; garder les 10-20 plus récentes,non (déduit du slug)
https://www.mgi-paris.org/portfolio/projet-theatre-college-georges-braque-l-art-c-est-vous-residence-apg-fanny-gayard-ydire-saidi/,projet theatre college georges braque l art c est vous residence apg fanny gayard ydire saidi,Réalisation (atelier / projet),Enseignants,2024-07-09,Archiver (galerie filtrable) ; garder les 10-20 plus récentes,non (déduit du slug)
https://www.mgi-paris.org/portfolio/je-multiple-2e-edition/,je multiple 2e edition,Réalisation (atelier / projet),Enseignants,2024-06-26,Archiver (galerie filtrable) ; garder les 10-20 plus récentes,non (déduit du slug)
https://www.mgi-paris.org/portfolio/projet-danse-ecole-elementaire-tandou-avec-nathalie-quoniam-choregraphe/,projet danse ecole elementaire tandou avec nathalie quoniam choregraphe,Réalisation (atelier / projet),Enseignants,2024-07-10,Archiver (galerie filtrable) ; garder les 10-20 plus récentes,non (déduit du slug)
https://www.mgi-paris.org/portfolio/projet-theatre-college-sainte-louise-avec-chantal-petillot-metteure-en-scene/,projet theatre college sainte louise avec chantal petillot metteure en scene,Réalisation (atelier / projet),Enseignants,2024-07-10,Archiver (galerie filtrable) ; garder les 10-20 plus récentes,non (déduit du slug)
https://www.mgi-paris.org/portfolio/journee-des-arts-plastiques-corps-et-graphies-avec-le-musee-picasso/,journee des arts plastiques corps et graphies avec le musee picasso,Réalisation (atelier / projet),Enseignants,2024-07-04,Archiver (galerie filtrable) ; garder les 10-20 plus récentes,non (déduit du slug)
https://www.mgi-paris.org/portfolio/ima-projet-video-lyce-parc-des-loges-avec-harry-bracho/,ima projet video lyce parc des loges avec harry bracho,Réalisation (atelier / projet),Enseignants,2024-07-10,Archiver (galerie filtrable) ; garder les 10-20 plus récentes,non (déduit du slug)
https://www.mgi-paris.org/portfolio/haut-parleurs-3e-edition-2023-2024/,haut parleurs 3e edition 2023 2024,Réalisation (Haut-Parleurs),Parents/ados,2024-05-15,Archiver (galerie filtrable),non (déduit du slug)
https://www.mgi-paris.org/portfolio/n-ecoutez-pas-les-prejuges-atelier-video-college-oeben-melody-da-fonseca-2023-2024/,n ecoutez pas les prejuges atelier video college oeben melody da fonseca 2023 2024,Réalisation (atelier / projet),Enseignants,2024-04-16,Archiver (galerie filtrable) ; garder les 10-20 plus récentes,non (déduit du slug)
https://www.mgi-paris.org/portfolio/et-si-mon-corps-etait-un-arbre-projet-danse-retour-images/,et si mon corps etait un arbre projet danse retour images,Réalisation (atelier / projet),Enseignants,2025-04-23,Archiver (galerie filtrable) ; garder les 10-20 plus récentes,non (déduit du slug)
https://www.mgi-paris.org/portfolio/pouvoir-en-corps-projet-theatre-college-maurice-ravel-ave-chantal-petillot-metteure-en-scene/,pouvoir en corps projet theatre college maurice ravel ave chantal petillot metteure en scene,Réalisation (atelier / projet),Enseignants,2024-07-10,Archiver (galerie filtrable) ; garder les 10-20 plus récentes,non (déduit du slug)
https://www.mgi-paris.org/portfolio/projet-photo-art-chives-lycee-voltaire-paula-petit-photographe/,projet photo art chives lycee voltaire paula petit photographe,Réalisation (atelier / projet),Enseignants,2024-04-04,Archiver (galerie filtrable) ; garder les 10-20 plus récentes,non (déduit du slug)
https://www.mgi-paris.org/portfolio/entretien-presque-parfait-atelier-video-lycee-prosaint-jean-de-montmartre-avec-camille-entratice-realisatrice/,entretien presque parfait atelier video lycee prosaint jean de montmartre avec camille entratice realisatrice,Réalisation (atelier / projet),Enseignants,2024-04-04,Archiver (galerie filtrable) ; garder les 10-20 plus récentes,non (déduit du slug)
https://www.mgi-paris.org/portfolio/pouvoir-en-corps-stage-danse-12-16-ans-vacances-hiver-19-23-fevrier-2024-avec-yumi-rigout/,pouvoir en corps stage danse 12 16 ans vacances hiver 19 23 fevrier 2024 avec yumi rigout,Réalisation (stage vacances),Parents/ados,2024-03-08,Archiver (galerie filtrable),non (déduit du slug)
https://www.mgi-paris.org/portfolio/corps-public-corps-intime-stage-photo-12-16-ans-vacances-hiver-19-23-fevrier-2024-avec-zabou-carriere-photographe/,corps public corps intime stage photo 12 16 ans vacances hiver 19 23 fevrier 2024 avec zabou carriere photographe,Réalisation (stage vacances),Parents/ados,2024-03-07,Archiver (galerie filtrable),non (déduit du slug)
https://www.mgi-paris.org/portfolio/futur-proche-stage-video-12-16-ans-vacances-hiver-19-23-fevrier-2024-avec-cedric-venail-realisateur/,futur proche stage video 12 16 ans vacances hiver 19 23 fevrier 2024 avec cedric venail realisateur,Réalisation (stage vacances),Parents/ados,2024-03-07,Archiver (galerie filtrable),non (déduit du slug)
https://www.mgi-paris.org/portfolio/portraits-stage-observation-3e-fevrier-2024/,portraits stage observation 3e fevrier 2024,Réalisation (stage vacances),Parents/ados,2024-02-22,Archiver (galerie filtrable),non (déduit du slug)
https://www.mgi-paris.org/portfolio/projet-theatre-ecole-elementaire-tour-d-auvergne-avec-julie-kosman/,projet theatre ecole elementaire tour d auvergne avec julie kosman,Réalisation (atelier / projet),Enseignants,2024-02-06,Archiver (galerie filtrable) ; garder les 10-20 plus récentes,non (déduit du slug)
https://www.mgi-paris.org/portfolio/ptojet-photo-cabinet-de-curiosite-lycee-lapie-avec-dorothee-devoise-photographe/,ptojet photo cabinet de curiosite lycee lapie avec dorothee devoise photographe,Réalisation (atelier / projet),Enseignants,2024-02-06,Archiver (galerie filtrable) ; garder les 10-20 plus récentes,non (déduit du slug)
https://www.mgi-paris.org/portfolio/united-archipel-des-lucioles-frederique-ribis/,united archipel des lucioles frederique ribis,Réalisation (atelier / projet),Enseignants,2024-02-07,Archiver (galerie filtrable) ; garder les 10-20 plus récentes,non (déduit du slug)
https://www.mgi-paris.org/portfolio/tout-ca-tout-ca-stages-toussaint-2023-printemps-d-automne-saison-3/,tout ca tout ca stages toussaint 2023 printemps d automne saison 3,Réalisation (stage vacances),Parents/ados,2024-01-11,Archiver (galerie filtrable),non (déduit du slug)
https://www.mgi-paris.org/portfolio/rire-de-soi-penser-a-l-autre-atelier-theatre-ecole-elmentaire-houdon-avec-pierre-pirol/,rire de soi penser a l autre atelier theatre ecole elmentaire houdon avec pierre pirol,Réalisation (atelier / projet),Enseignants,2024-02-06,Archiver (galerie filtrable) ; garder les 10-20 plus récentes,non (déduit du slug)
https://www.mgi-paris.org/portfolio/copeaux-scories-chutes-et-limailles-atelier-arts-visuels-classe-de-premiere-bac-pro-ecole-boulle/,copeaux scories chutes et limailles atelier arts visuels classe de premiere bac pro ecole boulle,Réalisation (atelier / projet),Enseignants,2023-11-28,Archiver (galerie filtrable) ; garder les 10-20 plus récentes,non (déduit du slug)
https://www.mgi-paris.org/portfolio/dangers-et-ignorance-electrique-lycee-pro-marcel-deprez-film-avec-harry-bracho/,dangers et ignorance electrique lycee pro marcel deprez film avec harry bracho,Réalisation (atelier / projet),Enseignants,2023-11-28,Archiver (galerie filtrable) ; garder les 10-20 plus récentes,non (déduit du slug)
https://www.mgi-paris.org/portfolio/printemps-d-automne-retours-en-images-express-stages-toussaint-2023/,printemps d automne retours en images express stages toussaint 2023,Réalisation (stage vacances),Parents/ados,2024-01-10,Archiver (galerie filtrable),non (déduit du slug)
https://www.mgi-paris.org/portfolio/projet-photo-rever-la-ville-lycee-victor-hugo-classe-1-re-avec-francesca-loprieno-photographe/,projet photo rever la ville lycee victor hugo classe 1 re avec francesca loprieno photographe,Réalisation (atelier / projet),Enseignants,2023-11-13,Archiver (galerie filtrable) ; garder les 10-20 plus récentes,non (déduit du slug)
https://www.mgi-paris.org/portfolio/l-histoire-d-une-vie-atelier-video-college-thomas-mann-avec-garance-scharf-realisatrice/,l histoire d une vie atelier video college thomas mann avec garance scharf realisatrice,Réalisation (atelier / projet),Enseignants,2023-10-24,Archiver (galerie filtrable) ; garder les 10-20 plus récentes,non (déduit du slug)
https://www.mgi-paris.org/portfolio/des-larmes-d-eau-douces-atelier-theatre-college-verlaine/,des larmes d eau douces atelier theatre college verlaine,Réalisation (atelier / projet),Enseignants,2023-11-13,Archiver (galerie filtrable) ; garder les 10-20 plus récentes,non (déduit du slug)
https://www.mgi-paris.org/portfolio/alice-pour-le-restitution-theatre-moment-ecole-saint-louis-thea-occe-75-juin-2023/,alice pour le restitution theatre moment ecole saint louis thea occe 75 juin 2023,Réalisation (atelier / projet),Enseignants,2023-09-21,Archiver (galerie filtrable) ; garder les 10-20 plus récentes,non (déduit du slug)
https://www.mgi-paris.org/portfolio/loup-que-fais-tu-temps-activites-periscolaires-ecole-elementaire-olivier-metra-atelier-animation-2022-2023/,loup que fais tu temps activites periscolaires ecole elementaire olivier metra atelier animation 2022 2023,Réalisation (atelier / projet),Enseignants,2023-09-21,Archiver (galerie filtrable) ; garder les 10-20 plus récentes,non (déduit du slug)
https://www.mgi-paris.org/portfolio/d-une-image-a-l-autre-objectif-photos-2023/,d une image a l autre objectif photos 2023,Réalisation (atelier / projet),Enseignants,2024-09-25,Archiver (galerie filtrable) ; garder les 10-20 plus récentes,non (déduit du slug)
https://www.mgi-paris.org/portfolio/a-la-decouverte-du-street-art-atelier-video-ecole-emile-duploye/,a la decouverte du street art atelier video ecole emile duploye,Réalisation (atelier / projet),Enseignants,2023-09-21,Archiver (galerie filtrable) ; garder les 10-20 plus récentes,non (déduit du slug)
https://www.mgi-paris.org/portfolio/2022-2023-retour-en-images/,2022 2023 retour en images,Réalisation (atelier / projet),Enseignants,2023-07-07,Archiver (galerie filtrable) ; garder les 10-20 plus récentes,non (déduit du slug)
https://www.mgi-paris.org/portfolio/fete-des-ecritures-theatrales-jeunesse-3-juin-2023/,fete des ecritures theatrales jeunesse 3 juin 2023,Réalisation (atelier / projet),Enseignants,2023-06-07,Archiver (galerie filtrable) ; garder les 10-20 plus récentes,non (déduit du slug)
https://www.mgi-paris.org/portfolio/je-multiple/,je multiple,Réalisation (atelier / projet),Enseignants,2023-10-17,Archiver (galerie filtrable) ; garder les 10-20 plus récentes,non (déduit du slug)
https://www.mgi-paris.org/portfolio/la-vie-de-galilee-bord-atelier-theatre-lycee-montaigne-enseignement-optionnel-1re/,la vie de galilee bord atelier theatre lycee montaigne enseignement optionnel 1re,Réalisation (atelier / projet),Enseignants,2023-06-06,Archiver (galerie filtrable) ; garder les 10-20 plus récentes,non (déduit du slug)
https://www.mgi-paris.org/portfolio/agamemnon-film-avecclasse-de-3e-et-alain-declercq-college-montaigne/,agamemnon film avecclasse de 3e et alain declercq college montaigne,Réalisation (atelier / projet),Enseignants,2023-05-30,Archiver (galerie filtrable) ; garder les 10-20 plus récentes,non (déduit du slug)
https://www.mgi-paris.org/portfolio/l-heure-a-sonne-lycee-leonard-de-vinci-atelier-video-avec-brigitte-barbier/,l heure a sonne lycee leonard de vinci atelier video avec brigitte barbier,Réalisation (atelier / projet),Enseignants,2023-05-26,Archiver (galerie filtrable) ; garder les 10-20 plus récentes,non (déduit du slug)
https://www.mgi-paris.org/portfolio/il-y-a-des-mots-atelier-video-college-oeben-melody-da-fonseca-2022-2023/,il y a des mots atelier video college oeben melody da fonseca 2022 2023,Réalisation (atelier / projet),Enseignants,2023-05-26,Archiver (galerie filtrable) ; garder les 10-20 plus récentes,non (déduit du slug)
https://www.mgi-paris.org/portfolio/a-b-imees-atelier-video-vacances-d-hiver-15-18-ans-avec-garance-scharf/,a b imees atelier video vacances d hiver 15 18 ans avec garance scharf,Réalisation (atelier / projet),Enseignants,2023-05-09,Archiver (galerie filtrable) ; garder les 10-20 plus récentes,non (déduit du slug)
https://www.mgi-paris.org/portfolio/la-petite-machine-a-remonter-le-temps-feste-du-court-metrage-2023-college-gustave-flaubert/,la petite machine a remonter le temps feste du court metrage 2023 college gustave flaubert,Réalisation (atelier / projet),Enseignants,2025-09-29,Archiver (galerie filtrable) ; garder les 10-20 plus récentes,non (déduit du slug)
https://www.mgi-paris.org/portfolio/atelier-theatre-college-sainte-louise-classe-de-3e-avec-chantal-petillot-avril-2023/,atelier theatre college sainte louise classe de 3e avec chantal petillot avril 2023,Réalisation (atelier / projet),Enseignants,2023-05-03,Archiver (galerie filtrable) ; garder les 10-20 plus récentes,non (déduit du slug)
https://www.mgi-paris.org/portfolio/haut-parleurs-2022-2023/,haut parleurs 2022 2023,Réalisation (Haut-Parleurs),Parents/ados,2023-08-24,Archiver (galerie filtrable),non (déduit du slug)
https://www.mgi-paris.org/portfolio/coule-raoul-atelier-video-vacances-d-hiver-12-15-ans-avec-lucas-cruz-realisateur/,coule raoul atelier video vacances d hiver 12 15 ans avec lucas cruz realisateur,Réalisation (atelier / projet),Enseignants,2023-03-27,Archiver (galerie filtrable) ; garder les 10-20 plus récentes,non (déduit du slug)
https://www.mgi-paris.org/portfolio/pouvoir-s-atelier-photo-15-18-ans-vacances-hiver-2023-avec-zabou-carriere/,pouvoir s atelier photo 15 18 ans vacances hiver 2023 avec zabou carriere,Réalisation (atelier / projet),Enseignants,2023-10-31,Archiver (galerie filtrable) ; garder les 10-20 plus récentes,non (déduit du slug)
https://www.mgi-paris.org/portfolio/flip-trope-scope-atelier-animation-et-jeux-optiques-8-11-ans-novembre-2022/,flip trope scope atelier animation et jeux optiques 8 11 ans novembre 2022,Réalisation (atelier / projet),Enseignants,2023-03-03,Archiver (galerie filtrable) ; garder les 10-20 plus récentes,non (déduit du slug)
https://www.mgi-paris.org/portfolio/s-engager-ensemble-5e-college-paul-verlaine-chantal-petillot-guldem-durmaz-fevrier-2023/,s engager ensemble 5e college paul verlaine chantal petillot guldem durmaz fevrier 2023,Réalisation (atelier / projet),Enseignants,2023-05-09,Archiver (galerie filtrable) ; garder les 10-20 plus récentes,non (déduit du slug)
https://www.mgi-paris.org/portfolio/photographie-urbaine-poesie-de-la-ville-college-voltaire-asniere-sur-seine-classe-de-3e-avec-ania-winkler-2021-2022/,photographie urbaine poesie de la ville college voltaire asniere sur seine classe de 3e avec ania winkler 2021 2022,Réalisation (atelier / projet),Enseignants,2023-06-16,Archiver (galerie filtrable) ; garder les 10-20 plus récentes,non (déduit du slug)
https://www.mgi-paris.org/portfolio/mobilise-e-s-college-eugene-cotton-projet-pegase-argenteuil-arts-numeriques/,mobilise e s college eugene cotton projet pegase argenteuil arts numeriques,Réalisation (atelier / projet),Enseignants,2023-06-06,Archiver (galerie filtrable) ; garder les 10-20 plus récentes,non (déduit du slug)
https://www.mgi-paris.org/portfolio/revanche-ateliers-toussaint-2022-printemps-d-automne-saison-2/,revanche ateliers toussaint 2022 printemps d automne saison 2,Réalisation (stage vacances),Parents/ados,2023-11-27,Archiver (galerie filtrable),non (déduit du slug)
https://www.mgi-paris.org/portfolio/portraits-stage-observation-3e-decembre-2022/,portraits stage observation 3e decembre 2022,Réalisation (stage vacances),Parents/ados,2023-01-17,Archiver (galerie filtrable),non (déduit du slug)
https://www.mgi-paris.org/portfolio/vues-dehors-atelier-photo-ecole-jomard-anis-pachabezian/,vues dehors atelier photo ecole jomard anis pachabezian,Réalisation (atelier / projet),Enseignants,2022-12-07,Archiver (galerie filtrable) ; garder les 10-20 plus récentes,non (déduit du slug)
https://www.mgi-paris.org/portfolio/course-contre-l-esclavage-college-francoise-dolto/,course contre l esclavage college francoise dolto,Réalisation (atelier / projet),Enseignants,2022-12-07,Archiver (galerie filtrable) ; garder les 10-20 plus récentes,non (déduit du slug)
https://www.mgi-paris.org/portfolio/novembre-decembre-2022-retours-en-images/,novembre decembre 2022 retours en images,Réalisation (atelier / projet),Enseignants,2022-12-02,Archiver (galerie filtrable) ; garder les 10-20 plus récentes,non (déduit du slug)
https://www.mgi-paris.org/portfolio/la-voix-des-memoires-atelier-radio-lyce-victor-duruy-radio-campus-ligue-de-l-enseignement/,la voix des memoires atelier radio lyce victor duruy radio campus ligue de l enseignement,Réalisation (atelier / projet),Enseignants,2022-10-27,Archiver (galerie filtrable) ; garder les 10-20 plus récentes,non (déduit du slug)
https://www.mgi-paris.org/portfolio/gravites-des-cines-la-vie-passeurs-d-images-simon-backes-guldem-durmaz/,gravites des cines la vie passeurs d images simon backes guldem durmaz,Réalisation (atelier / projet),Enseignants,2022-12-05,Archiver (galerie filtrable) ; garder les 10-20 plus récentes,non (déduit du slug)
https://www.mgi-paris.org/portfolio/ligne-forme-couleur-motif-lycee-pro-boulle-dorothee-davoise/,ligne forme couleur motif lycee pro boulle dorothee davoise,Réalisation (atelier / projet),Enseignants,2022-10-27,Archiver (galerie filtrable) ; garder les 10-20 plus récentes,non (déduit du slug)
https://www.mgi-paris.org/portfolio/fraternite-atelier-hebdo-theatre-video-2022-france-jolly-ohazar-bathazar/,fraternite atelier hebdo theatre video 2022 france jolly ohazar bathazar,Réalisation (atelier / projet),Enseignants,2022-10-25,Archiver (galerie filtrable) ; garder les 10-20 plus récentes,non (déduit du slug)
https://www.mgi-paris.org/portfolio/alma-atelier-video-lycee-jean-lurcat-iris-debaveye/,alma atelier video lycee jean lurcat iris debaveye,Réalisation (atelier / projet),Enseignants,2022-09-29,Archiver (galerie filtrable) ; garder les 10-20 plus récentes,non (déduit du slug)
https://www.mgi-paris.org/portfolio/a-l-unisson-stage-photo-vacances-hiver-fevrier-2022-marie-hudelot/,a l unisson stage photo vacances hiver fevrier 2022 marie hudelot,Réalisation (stage vacances),Parents/ados,2022-09-29,Archiver (galerie filtrable),non (déduit du slug)
https://www.mgi-paris.org/portfolio/atelier-theatre-college-ravel-fraternite-chantal-petillot/,atelier theatre college ravel fraternite chantal petillot,Réalisation (atelier / projet),Enseignants,2022-08-31,Archiver (galerie filtrable) ; garder les 10-20 plus récentes,non (déduit du slug)
https://www.mgi-paris.org/portfolio/l-espece-humaine-installation-atelier-15-18-ans-avec-melody-da-fonseca/,l espece humaine installation atelier 15 18 ans avec melody da fonseca,Réalisation (atelier / projet),Enseignants,2022-08-31,Archiver (galerie filtrable) ; garder les 10-20 plus récentes,non (déduit du slug)
https://www.mgi-paris.org/portfolio/corps-espaces-objectif-photos-2022/,corps espaces objectif photos 2022,Réalisation (atelier / projet),Enseignants,2024-09-25,Archiver (galerie filtrable) ; garder les 10-20 plus récentes,non (déduit du slug)
https://www.mgi-paris.org/portfolio/haut-parleurs-2021-2022/,haut parleurs 2021 2022,Réalisation (Haut-Parleurs),Parents/ados,2023-04-14,Archiver (galerie filtrable),non (déduit du slug)
https://www.mgi-paris.org/portfolio/j-ai-reve-demain/,j ai reve demain,Réalisation (atelier / projet),Enseignants,2022-07-13,Archiver (galerie filtrable) ; garder les 10-20 plus récentes,non (déduit du slug)
https://www.mgi-paris.org/portfolio/nos-ecrans-contraires-stage-video-12-15-ans-vacances-fevrier-2022-cedric-venail/,nos ecrans contraires stage video 12 15 ans vacances fevrier 2022 cedric venail,Réalisation (stage vacances),Parents/ados,2024-08-30,Archiver (galerie filtrable),non (déduit du slug)
https://www.mgi-paris.org/portfolio/fraternite-sororite-stage-theatre-vacances-hiver-2022-15-18-ans-avec-ruth-olaizola/,fraternite sororite stage theatre vacances hiver 2022 15 18 ans avec ruth olaizola,Réalisation (stage vacances),Parents/ados,2022-06-07,Archiver (galerie filtrable),non (déduit du slug)
https://www.mgi-paris.org/portfolio/atelier-photo-argentique-college-leon-gambetta/,atelier photo argentique college leon gambetta,Réalisation (atelier / projet),Enseignants,2022-06-07,Archiver (galerie filtrable) ; garder les 10-20 plus récentes,non (déduit du slug)
https://www.mgi-paris.org/portfolio/tou-tes-aux-urnes-fete-du-court-metrage-2021-4-classes-de-4-colleges-2/,tou tes aux urnes fete du court metrage 2021 4 classes de 4 colleges 2,Réalisation (atelier / projet),Enseignants,2022-05-13,Archiver (galerie filtrable) ; garder les 10-20 plus récentes,non (déduit du slug)
https://www.mgi-paris.org/portfolio/fraternite-sororite-adelphite-stage-danse-vacances-hiver-2022-12-15-ans/,fraternite sororite adelphite stage danse vacances hiver 2022 12 15 ans,Réalisation (stage vacances),Parents/ados,2022-05-05,Archiver (galerie filtrable),non (déduit du slug)
https://www.mgi-paris.org/portfolio/les-malheurs-d-ines-college-melies-atelier-video/,les malheurs d ines college melies atelier video,Réalisation (atelier / projet),Enseignants,2022-05-04,Archiver (galerie filtrable) ; garder les 10-20 plus récentes,non (déduit du slug)
https://www.mgi-paris.org/portfolio/surfaces-sensibles-photo-argentique-rdv-hebdo-2021-14-17-ans-ania-winkler/,surfaces sensibles photo argentique rdv hebdo 2021 14 17 ans ania winkler,Réalisation (atelier / projet),Enseignants,2022-03-28,Archiver (galerie filtrable) ; garder les 10-20 plus récentes,non (déduit du slug)
https://www.mgi-paris.org/portfolio/refugies-pas-condamnes-atelier-stop-motion-college-jf-oeben-melody-da-fonseca/,refugies pas condamnes atelier stop motion college jf oeben melody da fonseca,Réalisation (atelier / projet),Enseignants,2023-05-03,Archiver (galerie filtrable) ; garder les 10-20 plus récentes,non (déduit du slug)
https://www.mgi-paris.org/portfolio/fraternite-atelier-video-et-video-college-paul-verlaine/,fraternite atelier video et video college paul verlaine,Réalisation (atelier / projet),Enseignants,2022-03-28,Archiver (galerie filtrable) ; garder les 10-20 plus récentes,non (déduit du slug)
https://www.mgi-paris.org/portfolio/retours-express-stages-vacances-hiver-2022/,retours express stages vacances hiver 2022,Réalisation (stage vacances),Parents/ados,2022-03-25,Archiver (galerie filtrable),non (déduit du slug)
https://www.mgi-paris.org/portfolio/les-larmes-d-erwan-stages-toussaint-2021/,les larmes d erwan stages toussaint 2021,Réalisation (stage vacances),Parents/ados,2024-01-10,Archiver (galerie filtrable),non (déduit du slug)
https://www.mgi-paris.org/portfolio/atelier-theatre-fraternite-college-octave-greard-chantal-petillot-2021-2022/,atelier theatre fraternite college octave greard chantal petillot 2021 2022,Réalisation (atelier / projet),Enseignants,2022-02-04,Archiver (galerie filtrable) ; garder les 10-20 plus récentes,non (déduit du slug)
https://www.mgi-paris.org/portfolio/atelier-photo-egalite-stereotype-sexistes-college-camille-claudel-5e-antoine-seiter-2020-2021/,atelier photo egalite stereotype sexistes college camille claudel 5e antoine seiter 2020 2021,Réalisation (atelier / projet),Enseignants,2022-02-04,Archiver (galerie filtrable) ; garder les 10-20 plus récentes,non (déduit du slug)
https://www.mgi-paris.org/portfolio/atelier-video-clandestine-lycee-pro-gustave-ferrie-guldem-durmaz/,atelier video clandestine lycee pro gustave ferrie guldem durmaz,Réalisation (atelier / projet),Enseignants,2022-01-28,Archiver (galerie filtrable) ; garder les 10-20 plus récentes,non (déduit du slug)
https://www.mgi-paris.org/portfolio/atelier-video-college-brassens-l-hymne-2021-2022/,atelier video college brassens l hymne 2021 2022,Réalisation (atelier / projet),Enseignants,2022-01-28,Archiver (galerie filtrable) ; garder les 10-20 plus récentes,non (déduit du slug)
https://www.mgi-paris.org/portfolio/theatre-lycee-paul-bert-options-facultatives-premiere-ivan-cori-nicolas-perrochet-2021-2022/,theatre lycee paul bert options facultatives premiere ivan cori nicolas perrochet 2021 2022,Réalisation (atelier / projet),Enseignants,2022-01-05,Archiver (galerie filtrable) ; garder les 10-20 plus récentes,non (déduit du slug)
https://www.mgi-paris.org/portfolio/marianne-pleure-projet-video-lycee-lurcat-iris-debaveye-2020-2021/,marianne pleure projet video lycee lurcat iris debaveye 2020 2021,Réalisation (atelier / projet),Enseignants,2021-12-08,Archiver (galerie filtrable) ; garder les 10-20 plus récentes,non (déduit du slug)
https://www.mgi-paris.org/portfolio/theatre-lycee-montaigne-options-facultatives-seconde-isabelle-rivoal-2020-2021/,theatre lycee montaigne options facultatives seconde isabelle rivoal 2020 2021,Réalisation (atelier / projet),Enseignants,2021-12-02,Archiver (galerie filtrable) ; garder les 10-20 plus récentes,non (déduit du slug)
https://www.mgi-paris.org/portfolio/technolife-speciale-robots-projet-video-lycee-gustave-ferrie-simon-backes-2020-2021/,technolife speciale robots projet video lycee gustave ferrie simon backes 2020 2021,Réalisation (atelier / projet),Enseignants,2021-12-02,Archiver (galerie filtrable) ; garder les 10-20 plus récentes,non (déduit du slug)
https://www.mgi-paris.org/portfolio/printemps-d-automne-retours-express-stages-toussaint-2021-2/,printemps d automne retours express stages toussaint 2021 2,Réalisation (stage vacances),Parents/ados,2022-02-28,Archiver (galerie filtrable),non (déduit du slug)
https://www.mgi-paris.org/portfolio/cendrillon-college-saint-sulpice-garance-rivoal/,cendrillon college saint sulpice garance rivoal,Réalisation (atelier / projet),Enseignants,2021-11-04,Archiver (galerie filtrable) ; garder les 10-20 plus récentes,non (déduit du slug)
https://www.mgi-paris.org/portfolio/peau-vide-stage-video-vacances-hiver-2021-cedric-venail/,peau vide stage video vacances hiver 2021 cedric venail,Réalisation (stage vacances),Parents/ados,2021-11-04,Archiver (galerie filtrable),non (déduit du slug)
https://www.mgi-paris.org/portfolio/liberte-et-creation-college-modigliani-cynthia-mancuso/,liberte et creation college modigliani cynthia mancuso,Réalisation (atelier / projet),Enseignants,2021-11-04,Archiver (galerie filtrable) ; garder les 10-20 plus récentes,non (déduit du slug)
https://www.mgi-paris.org/portfolio/killt-residence-theatre-du-phare/,killt residence theatre du phare,Réalisation (atelier / projet),Enseignants,2021-10-12,Archiver (galerie filtrable) ; garder les 10-20 plus récentes,non (déduit du slug)
https://www.mgi-paris.org/portfolio/la-famille-royale-et-le-dragon-ecole-saint-charles-parcours-croises/,la famille royale et le dragon ecole saint charles parcours croises,Réalisation (atelier / projet),Enseignants,2021-09-28,Archiver (galerie filtrable) ; garder les 10-20 plus récentes,non (déduit du slug)
https://www.mgi-paris.org/portfolio/arts-visuels-tap-temps-activites-periscolaires-ecole-alesia-guillaume-pallat/,arts visuels tap temps activites periscolaires ecole alesia guillaume pallat,Réalisation (atelier / projet),Enseignants,2021-09-28,Archiver (galerie filtrable) ; garder les 10-20 plus récentes,non (déduit du slug)
https://www.mgi-paris.org/portfolio/geophotographie-atelier-arts-visuels-college-evariste-galois-juliette-agnel/,geophotographie atelier arts visuels college evariste galois juliette agnel,Réalisation (atelier / projet),Enseignants,2021-09-03,Archiver (galerie filtrable) ; garder les 10-20 plus récentes,non (déduit du slug)
https://www.mgi-paris.org/portfolio/le-petit-poucet-atelier-theatre-college-robert-doisneau-roxane-driay/,le petit poucet atelier theatre college robert doisneau roxane driay,Réalisation (atelier / projet),Enseignants,2021-09-03,Archiver (galerie filtrable) ; garder les 10-20 plus récentes,non (déduit du slug)
https://www.mgi-paris.org/portfolio/sous-le-sable-ensevelies-atelier-video-college-helene-boucher-mario-sagradini/,sous le sable ensevelies atelier video college helene boucher mario sagradini,Réalisation (atelier / projet),Enseignants,2021-09-03,Archiver (galerie filtrable) ; garder les 10-20 plus récentes,non (déduit du slug)
https://www.mgi-paris.org/portfolio/atelier-theatre-egalite-college-voltaire-helene-viaux/,atelier theatre egalite college voltaire helene viaux,Réalisation (atelier / projet),Enseignants,2021-07-01,Archiver (galerie filtrable) ; garder les 10-20 plus récentes,non (déduit du slug)
https://www.mgi-paris.org/portfolio/ecole-buffon-institut-national-jeunes-sourds-mathilde-salve/,ecole buffon institut national jeunes sourds mathilde salve,Réalisation (atelier / projet),Enseignants,2021-07-01,Archiver (galerie filtrable) ; garder les 10-20 plus récentes,non (déduit du slug)
https://www.mgi-paris.org/portfolio/des-cines-la-vie-passeurs-d-images-simon-backes-2021/,des cines la vie passeurs d images simon backes 2021,Réalisation (atelier / projet),Enseignants,2021-10-11,Archiver (galerie filtrable) ; garder les 10-20 plus récentes,non (déduit du slug)
https://www.mgi-paris.org/portfolio/espace-intime-espace-public-residence-artistique-dac-dasco-college-lucie-faure-et-zabou-carriere/,espace intime espace public residence artistique dac dasco college lucie faure et zabou carriere,Réalisation (atelier / projet),Enseignants,2021-06-22,Archiver (galerie filtrable) ; garder les 10-20 plus récentes,non (déduit du slug)
https://www.mgi-paris.org/portfolio/eschyle-orestie-enseignement-facultatif-theatre-terminale-lycee-montaigne-mai-2021/,eschyle orestie enseignement facultatif theatre terminale lycee montaigne mai 2021,Réalisation (atelier / projet),Enseignants,2021-05-31,Archiver (galerie filtrable) ; garder les 10-20 plus récentes,non (déduit du slug)
https://www.mgi-paris.org/portfolio/le_regard_college_ravel_mario_sagradini/,le_regard_college_ravel_mario_sagradini,Réalisation (atelier / projet),Enseignants,2021-05-28,Archiver (galerie filtrable) ; garder les 10-20 plus récentes,non (déduit du slug)
https://www.mgi-paris.org/portfolio/les-enfants-loups-rend-hebdo-theatre-video-2021-marie-piemontese-florent-trochel/,les enfants loups rend hebdo theatre video 2021 marie piemontese florent trochel,Réalisation (atelier / projet),Enseignants,2021-05-03,Archiver (galerie filtrable) ; garder les 10-20 plus récentes,non (déduit du slug)
https://www.mgi-paris.org/portfolio/vintage-rdv-hebdo-photo-argentique-2020-14-17-ans-guillaume-pallat/,vintage rdv hebdo photo argentique 2020 14 17 ans guillaume pallat,Réalisation (atelier / projet),Enseignants,2021-04-30,Archiver (galerie filtrable) ; garder les 10-20 plus récentes,non (déduit du slug)
https://www.mgi-paris.org/portfolio/tou-tes-aux-urnes-fete-du-court-metrage-2021-4-classes-de-4-colleges/,tou tes aux urnes fete du court metrage 2021 4 classes de 4 colleges,Réalisation (atelier / projet),Enseignants,2022-04-05,Archiver (galerie filtrable) ; garder les 10-20 plus récentes,non (déduit du slug)
https://www.mgi-paris.org/portfolio/la-liberte-c-est-pouvoir-college-oeben-atelier-video-concours-eveil-2021/,la liberte c est pouvoir college oeben atelier video concours eveil 2021,Réalisation (atelier / projet),Enseignants,2023-04-17,Archiver (galerie filtrable) ; garder les 10-20 plus récentes,non (déduit du slug)
https://www.mgi-paris.org/portfolio/stage-photo-vacances-hiver-2021-12-18-ans-in-egalite-s-sebastien-loubatie/,stage photo vacances hiver 2021 12 18 ans in egalite s sebastien loubatie,Réalisation (stage vacances),Parents/ados,2021-04-08,Archiver (galerie filtrable),non (déduit du slug)
https://www.mgi-paris.org/portfolio/stage-video-vacances-hiver-2021-12-15-ans-matrixe-iris-debaveye/,stage video vacances hiver 2021 12 15 ans matrixe iris debaveye,Réalisation (stage vacances),Parents/ados,2021-04-07,Archiver (galerie filtrable),non (déduit du slug)
https://www.mgi-paris.org/portfolio/option-theatre-on-l-aime-on-la-garde-lycee-montaigne-avril-2021/,option theatre on l aime on la garde lycee montaigne avril 2021,Réalisation (atelier / projet),Enseignants,2021-05-31,Archiver (galerie filtrable) ; garder les 10-20 plus récentes,non (déduit du slug)
https://www.mgi-paris.org/portfolio/stages-hiver-2021-retour-en-images/,stages hiver 2021 retour en images,Réalisation (stage vacances),Parents/ados,2021-03-03,Archiver (galerie filtrable),non (déduit du slug)
https://www.mgi-paris.org/portfolio/interview-5-caroline-fauchon-marie-laure-basuyaux-professeures-de-lettres-modernes-et-d-options/,interview 5 caroline fauchon marie laure basuyaux professeures de lettres modernes et d options,Réalisation (atelier / projet),Enseignants,2021-03-02,Archiver (galerie filtrable) ; garder les 10-20 plus récentes,non (déduit du slug)
https://www.mgi-paris.org/portfolio/victor-hugo-d-hier-a-aujourd-hui-college-verlaine/,victor hugo d hier a aujourd hui college verlaine,Réalisation (atelier / projet),Enseignants,2021-03-02,Archiver (galerie filtrable) ; garder les 10-20 plus récentes,non (déduit du slug)
https://www.mgi-paris.org/portfolio/coexistence-stage-photo-12-ans-15-ans-vacances-hiver-2021/,coexistence stage photo 12 ans 15 ans vacances hiver 2021,Réalisation (stage vacances),Parents/ados,2021-03-02,Archiver (galerie filtrable),non (déduit du slug)
https://www.mgi-paris.org/portfolio/travailler-au-femini-college-boris-vian-cinematheque-lynen-simon-backes/,travailler au femini college boris vian cinematheque lynen simon backes,Réalisation (atelier / projet),Enseignants,2021-03-03,Archiver (galerie filtrable) ; garder les 10-20 plus récentes,non (déduit du slug)
https://www.mgi-paris.org/portfolio/du-piment-dans-les-yeux-stage-toussaint-2020/,du piment dans les yeux stage toussaint 2020,Réalisation (stage vacances),Parents/ados,2023-11-08,Archiver (galerie filtrable),non (déduit du slug)
https://www.mgi-paris.org/portfolio/egalite-s-college-greard-classe-3e-chantal-petillot-julien-gaillard-2020/,egalite s college greard classe 3e chantal petillot julien gaillard 2020,Réalisation (atelier / projet),Enseignants,2020-12-16,Archiver (galerie filtrable) ; garder les 10-20 plus récentes,non (déduit du slug)
https://www.mgi-paris.org/portfolio/ecran-materiel-immateriel-vice-versa-atelier-video-vacances-printemps-2019-brice-ammar-khodja/,ecran materiel immateriel vice versa atelier video vacances printemps 2019 brice ammar khodja,Réalisation (atelier / projet),Enseignants,2020-12-17,Archiver (galerie filtrable) ; garder les 10-20 plus récentes,non (déduit du slug)
https://www.mgi-paris.org/portfolio/carte-blanche-2-egalite-s-eric-alcyon-francesca-loprieno-fausto-urru/,carte blanche 2 egalite s eric alcyon francesca loprieno fausto urru,Réalisation (atelier / projet),Enseignants,2021-02-04,Archiver (galerie filtrable) ; garder les 10-20 plus récentes,non (déduit du slug)
https://www.mgi-paris.org/portfolio/egalite-interview-2-marie-piemontese-florent-trochel-novembre-2020/,egalite interview 2 marie piemontese florent trochel novembre 2020,Réalisation (atelier / projet),Enseignants,2022-02-09,Archiver (galerie filtrable) ; garder les 10-20 plus récentes,non (déduit du slug)
https://www.mgi-paris.org/portfolio/stage-toussaint-2020-retour-en-images/,stage toussaint 2020 retour en images,Réalisation (stage vacances),Parents/ados,2021-11-08,Archiver (galerie filtrable),non (déduit du slug)
https://www.mgi-paris.org/portfolio/seance-decouvert-ecole-hopital-saint-louis-classe-ce1-terre-qui-ne-voulait-plus-tourner-du-chaxel/,seance decouvert ecole hopital saint louis classe ce1 terre qui ne voulait plus tourner du chaxel,Réalisation (atelier / projet),Enseignants,2024-08-30,Archiver (galerie filtrable) ; garder les 10-20 plus récentes,non (déduit du slug)
https://www.mgi-paris.org/portfolio/performance-ecole-saint-charles-classe-cm1-cm2-parcours-croises/,performance ecole saint charles classe cm1 cm2 parcours croises,Réalisation (atelier / projet),Enseignants,2020-11-23,Archiver (galerie filtrable) ; garder les 10-20 plus récentes,non (déduit du slug)
https://www.mgi-paris.org/portfolio/restitution-theatre-ecole-saint-maur-classe-cp-ce2-thea-occe-75-moustique-fabien-arca/,restitution theatre ecole saint maur classe cp ce2 thea occe 75 moustique fabien arca,Réalisation (atelier / projet),Enseignants,2020-09-29,Archiver (galerie filtrable) ; garder les 10-20 plus récentes,non (déduit du slug)
https://www.mgi-paris.org/portfolio/egalite-interview-1-marie-stutz-septembre-2020/,egalite interview 1 marie stutz septembre 2020,Réalisation (atelier / projet),Enseignants,2020-09-10,Archiver (galerie filtrable) ; garder les 10-20 plus récentes,non (déduit du slug)
https://www.mgi-paris.org/portfolio/en-liberte-11-paroles-de-hortense-vinet-photographe/,en liberte 11 paroles de hortense vinet photographe,Réalisation (atelier / projet),Enseignants,2020-07-07,Archiver (galerie filtrable) ; garder les 10-20 plus récentes,non (déduit du slug)
https://www.mgi-paris.org/portfolio/en-liberte-10-paroles-de-romain-colon-secretaire-general-mpaa/,en liberte 10 paroles de romain colon secretaire general mpaa,Réalisation (atelier / projet),Enseignants,2020-07-07,Archiver (galerie filtrable) ; garder les 10-20 plus récentes,non (déduit du slug)
https://www.mgi-paris.org/portfolio/en-liberte-9-paroles-de-chantal-petillot-metteure-en-scene/,en liberte 9 paroles de chantal petillot metteure en scene,Réalisation (atelier / projet),Enseignants,2020-07-07,Archiver (galerie filtrable) ; garder les 10-20 plus récentes,non (déduit du slug)
https://www.mgi-paris.org/portfolio/en-liberte-8-paroles-de-ania-winkler-photographe/,en liberte 8 paroles de ania winkler photographe,Réalisation (atelier / projet),Enseignants,2020-07-07,Archiver (galerie filtrable) ; garder les 10-20 plus récentes,non (déduit du slug)
https://www.mgi-paris.org/portfolio/en-liberte-7-paroles-de-guillaume-pallat-photographe/,en liberte 7 paroles de guillaume pallat photographe,Réalisation (atelier / projet),Enseignants,2020-07-07,Archiver (galerie filtrable) ; garder les 10-20 plus récentes,non (déduit du slug)
https://www.mgi-paris.org/portfolio/en-liberte-6-paroles-de-mario-sagradini-realisateur-liberte/,en liberte 6 paroles de mario sagradini realisateur liberte,Réalisation (atelier / projet),Enseignants,2020-07-07,Archiver (galerie filtrable) ; garder les 10-20 plus récentes,non (déduit du slug)
https://www.mgi-paris.org/portfolio/rdv-hebdo-2020-12-16-ans-theatre-video-backes-petillot/,rdv hebdo 2020 12 16 ans theatre video backes petillot,Réalisation (atelier / projet),Enseignants,2020-09-02,Archiver (galerie filtrable) ; garder les 10-20 plus récentes,non (déduit du slug)
https://www.mgi-paris.org/portfolio/rdv-hebdo-2020-12-16-ans-photo-katherine-blanc/,rdv hebdo 2020 12 16 ans photo katherine blanc,Réalisation (atelier / projet),Enseignants,2020-06-25,Archiver (galerie filtrable) ; garder les 10-20 plus récentes,non (déduit du slug)
https://www.mgi-paris.org/portfolio/actu-carte-blanche-9-imagine-la-liberte-20-juin-festival-projets-2019-2020/,actu carte blanche 9 imagine la liberte 20 juin festival projets 2019 2020,Réalisation (atelier / projet),Enseignants,2020-10-13,Archiver (galerie filtrable) ; garder les 10-20 plus récentes,non (déduit du slug)
https://www.mgi-paris.org/portfolio/passages-compagnie-s-vrai-stephane-schoukroun-2017-2020/,passages compagnie s vrai stephane schoukroun 2017 2020,Réalisation (atelier / projet),Enseignants,2023-06-27,Archiver (galerie filtrable) ; garder les 10-20 plus récentes,non (déduit du slug)
https://www.mgi-paris.org/portfolio/stage-vacances-dhiver-15-18-ans-photo/,stage vacances dhiver 15 18 ans photo,Réalisation (stage vacances),Parents/ados,2020-07-09,Archiver (galerie filtrable),non (déduit du slug)
https://www.mgi-paris.org/portfolio/stage-vacances-dhiver-2020-15-18-ans-theatre-avec-jana-klein/,stage vacances dhiver 2020 15 18 ans theatre avec jana klein,Réalisation (stage vacances),Parents/ados,2020-06-18,Archiver (galerie filtrable),non (déduit du slug)
https://www.mgi-paris.org/portfolio/stage-vacances-dhiver-15-18-ans-video-lachimia/,stage vacances dhiver 15 18 ans video lachimia,Réalisation (stage vacances),Parents/ados,2020-06-25,Archiver (galerie filtrable),non (déduit du slug)
https://www.mgi-paris.org/portfolio/stages-toussaint-photo-2019-mpaa-centre-anim-hortense-vinet/,stages toussaint photo 2019 mpaa centre anim hortense vinet,Réalisation (stage vacances),Parents/ados,2020-05-29,Archiver (galerie filtrable),non (déduit du slug)
https://www.mgi-paris.org/portfolio/stages-toussaint-video-2019-mpaa-centre-anim-mario-sagradini/,stages toussaint video 2019 mpaa centre anim mario sagradini,Réalisation (stage vacances),Parents/ados,2020-05-29,Archiver (galerie filtrable),non (déduit du slug)
https://www.mgi-paris.org/portfolio/stages-toussaint-theatre-2019-mpaa-centre-anim-sylvain-levey/,stages toussaint theatre 2019 mpaa centre anim sylvain levey,Réalisation (stage vacances),Parents/ados,2020-05-29,Archiver (galerie filtrable),non (déduit du slug)
https://www.mgi-paris.org/portfolio/carte-blanche-8-portraits-croises-artistes-citoyens-documentaire-frederique-ribis-20-mai-2020/,carte blanche 8 portraits croises artistes citoyens documentaire frederique ribis 20 mai 2020,Réalisation (atelier / projet),Enseignants,2020-07-06,Archiver (galerie filtrable) ; garder les 10-20 plus récentes,non (déduit du slug)
https://www.mgi-paris.org/portfolio/stage-vacances-dhiver-12-15-ans-photo/,stage vacances dhiver 12 15 ans photo,Réalisation (stage vacances),Parents/ados,2020-06-25,Archiver (galerie filtrable),non (déduit du slug)
https://www.mgi-paris.org/portfolio/stage-vacances-dhiver-12-ans-15-ans-video/,stage vacances dhiver 12 ans 15 ans video,Réalisation (stage vacances),Parents/ados,2020-06-25,Archiver (galerie filtrable),non (déduit du slug)
https://www.mgi-paris.org/portfolio/stage-vacances-dhiver-12-15-ans-theatre/,stage vacances dhiver 12 15 ans theatre,Réalisation (stage vacances),Parents/ados,2020-07-06,Archiver (galerie filtrable),non (déduit du slug)
https://www.mgi-paris.org/portfolio/oublie-de-l-histoire-cyrille-bissette-atelier-video-college-oeben-paris/,oublie de l histoire cyrille bissette atelier video college oeben paris,Réalisation (atelier / projet),Enseignants,2020-07-06,Archiver (galerie filtrable) ; garder les 10-20 plus récentes,non (déduit du slug)
https://www.mgi-paris.org/portfolio/formation-ecritures-theatrales-pour-la-jeunesse-5/,formation ecritures theatrales pour la jeunesse 5,Réalisation / fiche formation,Professionnels,2024-03-05,Fusionner dans la page de la formation concernée,non (déduit du slug)
https://www.mgi-paris.org/portfolio/memoire-photographique-au-stenope-sur-verre/,memoire photographique au stenope sur verre,Réalisation (atelier / projet),Enseignants,2020-07-06,Archiver (galerie filtrable) ; garder les 10-20 plus récentes,non (déduit du slug)
https://www.mgi-paris.org/portfolio/carte-blanche-7-liberte-s/,carte blanche 7 liberte s,Réalisation (atelier / projet),Enseignants,2020-07-06,Archiver (galerie filtrable) ; garder les 10-20 plus récentes,non (déduit du slug)
https://www.mgi-paris.org/portfolio/dialogues-dans-ma-salle-de-bain-france-jolly-extrait-sonore/,dialogues dans ma salle de bain france jolly extrait sonore,Réalisation (atelier / projet),Enseignants,2020-07-06,Archiver (galerie filtrable) ; garder les 10-20 plus récentes,non (déduit du slug)
https://www.mgi-paris.org/portfolio/photographie-et-vegetation-ecole-saint-merri-tap-dorothee-davoise/,photographie et vegetation ecole saint merri tap dorothee davoise,Réalisation (atelier / projet),Enseignants,2020-02-28,Archiver (galerie filtrable) ; garder les 10-20 plus récentes,non (déduit du slug)
https://www.mgi-paris.org/portfolio/atelier-cinema-d-animation-lycee-pro-andre-malraux-77-melody-da-fonseca/,atelier cinema d animation lycee pro andre malraux 77 melody da fonseca,Réalisation (atelier / projet),Enseignants,2020-06-17,Archiver (galerie filtrable) ; garder les 10-20 plus récentes,non (déduit du slug)
https://www.mgi-paris.org/portfolio/photoshop-manuel-atelier-photo-argentique-lycee-julie-victoire-daubie-katherine-blanc/,photoshop manuel atelier photo argentique lycee julie victoire daubie katherine blanc,Réalisation (atelier / projet),Enseignants,2020-02-28,Archiver (galerie filtrable) ; garder les 10-20 plus récentes,non (déduit du slug)
https://www.mgi-paris.org/portfolio/sothik-college-robert-doisneau-stop-motion-avril-2019/,sothik college robert doisneau stop motion avril 2019,Réalisation (atelier / projet),Enseignants,2020-02-03,Archiver (galerie filtrable) ; garder les 10-20 plus récentes,non (déduit du slug)
https://www.mgi-paris.org/portfolio/medee-college-evariste-galois-3eme-atelier-theatre-juin-2019/,medee college evariste galois 3eme atelier theatre juin 2019,Réalisation (atelier / projet),Enseignants,2020-01-29,Archiver (galerie filtrable) ; garder les 10-20 plus récentes,non (déduit du slug)
https://www.mgi-paris.org/portfolio/en-liberte-5-paroles-d-eleves-sur-la-liberte-et-la-mgi/,en liberte 5 paroles d eleves sur la liberte et la mgi,Réalisation (atelier / projet),Enseignants,2020-01-28,Archiver (galerie filtrable) ; garder les 10-20 plus récentes,non (déduit du slug)
https://www.mgi-paris.org/portfolio/stage-observation-milieu-professionnel-3-eme-decembre-2019/,stage observation milieu professionnel 3 eme decembre 2019,Réalisation (stage vacances),Parents/ados,2024-08-29,Archiver (galerie filtrable),non (déduit du slug)
https://www.mgi-paris.org/portfolio/en-liberte-4-olivia-kryger-comedienne-metteure-en-scene/,en liberte 4 olivia kryger comedienne metteure en scene,Réalisation (atelier / projet),Enseignants,2019-12-10,Archiver (galerie filtrable) ; garder les 10-20 plus récentes,non (déduit du slug)
https://www.mgi-paris.org/portfolio/les-gestes-du-quotidien-terminales-formation-aux-metiers-d-art-ecole-boulle-marion-poussier-photographe-mars-2019/,les gestes du quotidien terminales formation aux metiers d art ecole boulle marion poussier photographe mars 2019,Réalisation / fiche formation,Professionnels,2019-11-22,Fusionner dans la page de la formation concernée,non (déduit du slug)
https://www.mgi-paris.org/portfolio/passe-temps-atelier-video-lycee-gustave-ferrie-terminale-simon-backes-mars-2019/,passe temps atelier video lycee gustave ferrie terminale simon backes mars 2019,Réalisation (atelier / projet),Enseignants,2019-12-02,Archiver (galerie filtrable) ; garder les 10-20 plus récentes,non (déduit du slug)
https://www.mgi-paris.org/portfolio/le-ville-projet-ecriture-illustration-ulis-college-louise-michel-france-jolly-metteure-en-scene-gwen-le-gac-illustratrice/,le ville projet ecriture illustration ulis college louise michel france jolly metteure en scene gwen le gac illustratrice,Réalisation (atelier / projet),Enseignants,2019-11-19,Archiver (galerie filtrable) ; garder les 10-20 plus récentes,non (déduit du slug)
https://www.mgi-paris.org/portfolio/en-liberte-3-nadine-marcelot-professeure-des-ecoles/,en liberte 3 nadine marcelot professeure des ecoles,Réalisation (atelier / projet),Enseignants,2019-12-10,Archiver (galerie filtrable) ; garder les 10-20 plus récentes,non (déduit du slug)
https://www.mgi-paris.org/portfolio/premiere-fois-projet-photo-college-jean-perrin-ecole-ouverte-zabou-carriere-2019/,premiere fois projet photo college jean perrin ecole ouverte zabou carriere 2019,Réalisation (atelier / projet),Enseignants,2020-07-06,Archiver (galerie filtrable) ; garder les 10-20 plus récentes,non (déduit du slug)
https://www.mgi-paris.org/portfolio/time-viaje-projet-photo-video-college-francoise-seligmann-2018-2019/,time viaje projet photo video college francoise seligmann 2018 2019,Réalisation (atelier / projet),Enseignants,2020-07-06,Archiver (galerie filtrable) ; garder les 10-20 plus récentes,non (déduit du slug)
https://www.mgi-paris.org/portfolio/soldat-e-inconnue-e-retour-stage-adultes-decouverte-ecritures-contemporaines-deug-doen-group-theatre-ouvert-mgi/,soldat e inconnue e retour stage adultes decouverte ecritures contemporaines deug doen group theatre ouvert mgi,Réalisation (stage vacances),Parents/ados,2019-10-30,Archiver (galerie filtrable),non (déduit du slug)
https://www.mgi-paris.org/portfolio/mediation-artistique-atelier-photo-centre-medico-psychologique-chomel-cynthia-mancuso-juin-2019/,mediation artistique atelier photo centre medico psychologique chomel cynthia mancuso juin 2019,Réalisation (atelier / projet),Enseignants,2019-11-04,Archiver (galerie filtrable) ; garder les 10-20 plus récentes,non (déduit du slug)
https://www.mgi-paris.org/portfolio/moi-et-le-monde-college-paul-verlaine-chantal-petillot-mars-2019/,moi et le monde college paul verlaine chantal petillot mars 2019,Réalisation (atelier / projet),Enseignants,2020-07-06,Archiver (galerie filtrable) ; garder les 10-20 plus récentes,non (déduit du slug)
https://www.mgi-paris.org/portfolio/en-liberte-2-sylvain-levey-auteur/,en liberte 2 sylvain levey auteur,Réalisation (atelier / projet),Enseignants,2019-12-10,Archiver (galerie filtrable) ; garder les 10-20 plus récentes,non (déduit du slug)
https://www.mgi-paris.org/portfolio/une-nuit-de-reve-atelier-video-classe-de-4e-college-saint-vincent-janvier-2019/,une nuit de reve atelier video classe de 4e college saint vincent janvier 2019,Réalisation (atelier / projet),Enseignants,2019-10-07,Archiver (galerie filtrable) ; garder les 10-20 plus récentes,non (déduit du slug)
https://www.mgi-paris.org/portfolio/ouasmok-seance-decouverte-enfant-du-patrimoine-2018/,ouasmok seance decouverte enfant du patrimoine 2018,Réalisation (atelier / projet),Enseignants,2026-06-03,Archiver (galerie filtrable) ; garder les 10-20 plus récentes,non (déduit du slug)
https://www.mgi-paris.org/portfolio/photographier-dire-ecrire-atelier-photo-argentique-classe-2nde-lycee-pro-boulle-katherine-blanc-photographe/,photographier dire ecrire atelier photo argentique classe 2nde lycee pro boulle katherine blanc photographe,Réalisation (atelier / projet),Enseignants,2019-10-07,Archiver (galerie filtrable) ; garder les 10-20 plus récentes,non (déduit du slug)
https://www.mgi-paris.org/portfolio/divers-cites-2-stages-toussaint-theatre-photo-video-2018-mpaa-centre-anim-maison-theatre-strasbourg-mgi/,divers cites 2 stages toussaint theatre photo video 2018 mpaa centre anim maison theatre strasbourg mgi,Réalisation (stage vacances),Parents/ados,2020-07-06,Archiver (galerie filtrable),non (déduit du slug)
https://www.mgi-paris.org/portfolio/atelier-video-college-oeben-paris-12-esclavage-historique-et-moderne-concours-flamme-de-l-egalite-janvier-2019/,atelier video college oeben paris 12 esclavage historique et moderne concours flamme de l egalite janvier 2019,Réalisation (atelier / projet),Enseignants,2019-09-09,Archiver (galerie filtrable) ; garder les 10-20 plus récentes,non (déduit du slug)
https://www.mgi-paris.org/portfolio/en-liberte-1-anita-weber/,en liberte 1 anita weber,Réalisation (atelier / projet),Enseignants,2019-12-10,Archiver (galerie filtrable) ; garder les 10-20 plus récentes,non (déduit du slug)
https://www.mgi-paris.org/portfolio/experiences-atelier-photo-lycee-timbaud-bretigny-sur-orge-1-ere-cap-primo-arrivants-peac/,experiences atelier photo lycee timbaud bretigny sur orge 1 ere cap primo arrivants peac,Réalisation (atelier / projet),Enseignants,2020-07-06,Archiver (galerie filtrable) ; garder les 10-20 plus récentes,non (déduit du slug)
https://www.mgi-paris.org/portfolio/le-royaume-atelier-video-lycee-timbaud-bretigny-sur-orge-1-ere-cap-primo-arrivants-peac/,le royaume atelier video lycee timbaud bretigny sur orge 1 ere cap primo arrivants peac,Réalisation (atelier / projet),Enseignants,2019-09-27,Archiver (galerie filtrable) ; garder les 10-20 plus récentes,non (déduit du slug)
https://www.mgi-paris.org/portfolio/atelier-photo-lycee-moreau-91-terminales-autoportraits-dans-la-ville-peac/,atelier photo lycee moreau 91 terminales autoportraits dans la ville peac,Réalisation (atelier / projet),Enseignants,2019-09-27,Archiver (galerie filtrable) ; garder les 10-20 plus récentes,non (déduit du slug)
https://www.mgi-paris.org/portfolio/ca-chauffe-fete-du-court-metrage-2019-4-classes-de-4-colleges/,ca chauffe fete du court metrage 2019 4 classes de 4 colleges,Réalisation (atelier / projet),Enseignants,2025-09-29,Archiver (galerie filtrable) ; garder les 10-20 plus récentes,non (déduit du slug)
https://www.mgi-paris.org/portfolio/formation-mgi-anrat-thea-occe-ecritures-theatrales-jeunesse-4/,formation mgi anrat thea occe ecritures theatrales jeunesse 4,Réalisation / fiche formation,Professionnels,2020-02-12,Fusionner dans la page de la formation concernée,non (déduit du slug)
https://www.mgi-paris.org/portfolio/le-temps-des-metamorphose-rdv-hebdo-samedis-theatre-video-12-16-ans-novembre-2018-mars-2019-rivoal-backes/,le temps des metamorphose rdv hebdo samedis theatre video 12 16 ans novembre 2018 mars 2019 rivoal backes,Réalisation (atelier / projet),Enseignants,2019-06-28,Archiver (galerie filtrable) ; garder les 10-20 plus récentes,non (déduit du slug)
https://www.mgi-paris.org/portfolio/le-temps-d-un-fete-stage-video-15-18-ans-vacances-hiver-2019-olivier-forest/,le temps d un fete stage video 15 18 ans vacances hiver 2019 olivier forest,Réalisation (stage vacances),Parents/ados,2019-06-18,Archiver (galerie filtrable),non (déduit du slug)
https://www.mgi-paris.org/portfolio/association-passeurs-d-images-des-cines-la-vie/,association passeurs d images des cines la vie,Réalisation (atelier / projet),Enseignants,2019-06-07,Archiver (galerie filtrable) ; garder les 10-20 plus récentes,non (déduit du slug)
https://www.mgi-paris.org/portfolio/la-ville-est-vivante-atelier-photo-hortense-vinet-college-moulin-des-pres/,la ville est vivante atelier photo hortense vinet college moulin des pres,Réalisation (atelier / projet),Enseignants,2019-06-07,Archiver (galerie filtrable) ; garder les 10-20 plus récentes,non (déduit du slug)
https://www.mgi-paris.org/portfolio/la-danse-de-l-ecole-cm2-emilie-camacho-ecole-elementaire-recollets/,la danse de l ecole cm2 emilie camacho ecole elementaire recollets,Réalisation (atelier / projet),Enseignants,2019-06-07,Archiver (galerie filtrable) ; garder les 10-20 plus récentes,non (déduit du slug)
https://www.mgi-paris.org/portfolio/stage-d-observation-en-milieu-professionnel-pour-les-3e/,stage d observation en milieu professionnel pour les 3e,Réalisation (stage vacances),Parents/ados,2023-09-28,Archiver (galerie filtrable),non (déduit du slug)
https://www.mgi-paris.org/portfolio/atelier-photo-association-vers-la-vie-et-l-education-des-jeunes-janvier-2019/,atelier photo association vers la vie et l education des jeunes janvier 2019,Réalisation (atelier / projet),Enseignants,2019-03-11,Archiver (galerie filtrable) ; garder les 10-20 plus récentes,non (déduit du slug)
https://www.mgi-paris.org/portfolio/l-air-du-temps-atelier-son-imege-college-edgar-varese-3e-nicolas-perrin-musicien-fevrier-2019/,l air du temps atelier son imege college edgar varese 3e nicolas perrin musicien fevrier 2019,Réalisation (atelier / projet),Enseignants,2019-03-01,Archiver (galerie filtrable) ; garder les 10-20 plus récentes,non (déduit du slug)
https://www.mgi-paris.org/portfolio/le-geste-stage-photo-12-15-ans-vacances-hiver-2019-ludovic-maillard/,le geste stage photo 12 15 ans vacances hiver 2019 ludovic maillard,Réalisation (stage vacances),Parents/ados,2019-06-18,Archiver (galerie filtrable),non (déduit du slug)
https://www.mgi-paris.org/portfolio/quel-temps-est-il-stage-theatre-12-15-ans-vacances-hiver-2019-france-jolly/,quel temps est il stage theatre 12 15 ans vacances hiver 2019 france jolly,Réalisation (stage vacances),Parents/ados,2019-06-28,Archiver (galerie filtrable),non (déduit du slug)
https://www.mgi-paris.org/portfolio/invocation-a-waggaw-stage-video-12-15-ans-vacances-hiver-2019-emilie-lamoine/,invocation a waggaw stage video 12 15 ans vacances hiver 2019 emilie lamoine,Réalisation (stage vacances),Parents/ados,2019-06-18,Archiver (galerie filtrable),non (déduit du slug)
https://www.mgi-paris.org/portfolio/portraits-anachroniques-stage-photo-15-18-ans-vacances-hiver-2019-sebastien-loubatier/,portraits anachroniques stage photo 15 18 ans vacances hiver 2019 sebastien loubatier,Réalisation (stage vacances),Parents/ados,2019-06-18,Archiver (galerie filtrable),non (déduit du slug)
https://www.mgi-paris.org/portfolio/restitution-theatre-classe-3e-college-octave-greard-julien-gaillard-heritage/,restitution theatre classe 3e college octave greard julien gaillard heritage,Réalisation (atelier / projet),Enseignants,2019-01-31,Archiver (galerie filtrable) ; garder les 10-20 plus récentes,non (déduit du slug)
https://www.mgi-paris.org/portfolio/carre-blanc-sur-fond-blanc-stage-photo-12-16-ans-toussaint-2018/,carre blanc sur fond blanc stage photo 12 16 ans toussaint 2018,Réalisation (stage vacances),Parents/ados,2019-03-01,Archiver (galerie filtrable),non (déduit du slug)
https://www.mgi-paris.org/portfolio/jeunes-pousses-atelier-video-college-germaine-tillion-paris-classe-4e-juin-2018/,jeunes pousses atelier video college germaine tillion paris classe 4e juin 2018,Réalisation (atelier / projet),Enseignants,2019-01-31,Archiver (galerie filtrable) ; garder les 10-20 plus récentes,non (déduit du slug)
https://www.mgi-paris.org/portfolio/la-ou-nous-devenons-atelier-photo-lycee-professionnel-nadar-draveil-upe2a-fevrier-2018/,la ou nous devenons atelier photo lycee professionnel nadar draveil upe2a fevrier 2018,Réalisation (atelier / projet),Enseignants,2019-01-17,Archiver (galerie filtrable) ; garder les 10-20 plus récentes,non (déduit du slug)
https://www.mgi-paris.org/portfolio/les-marmailles-gayard-atelier-video-lycee-polyvalent-timbaud-bretigny-sur-orge-terminale-decembre-2018/,les marmailles gayard atelier video lycee polyvalent timbaud bretigny sur orge terminale decembre 2018,Réalisation (atelier / projet),Enseignants,2019-05-29,Archiver (galerie filtrable) ; garder les 10-20 plus récentes,non (déduit du slug)
https://www.mgi-paris.org/portfolio/la-place-stage-theatre-12-16-ans-toussaint-2018/,la place stage theatre 12 16 ans toussaint 2018,Réalisation (stage vacances),Parents/ados,2021-05-04,Archiver (galerie filtrable),non (déduit du slug)
https://www.mgi-paris.org/portfolio/moi-aussi-film-stage-12-16-ans-video-toussaint-2018/,moi aussi film stage 12 16 ans video toussaint 2018,Réalisation (stage vacances),Parents/ados,2018-11-23,Archiver (galerie filtrable),non (déduit du slug)
https://www.mgi-paris.org/portfolio/coupe-film-lycee-polyvalent-diderot-paris-20e-terminale-option-cinema-audiovisuel/,coupe film lycee polyvalent diderot paris 20e terminale option cinema audiovisuel,Réalisation (atelier / projet),Enseignants,2018-10-30,Archiver (galerie filtrable) ; garder les 10-20 plus récentes,non (déduit du slug)
https://www.mgi-paris.org/portfolio/restitution-theatre-college-octave-greard-3e-ajax/,restitution theatre college octave greard 3e ajax,Réalisation (atelier / projet),Enseignants,2021-05-04,Archiver (galerie filtrable) ; garder les 10-20 plus récentes,non (déduit du slug)
https://www.mgi-paris.org/portfolio/atelier-photo-erea-edith-piaf-20e-chloe-devis-photographe/,atelier photo erea edith piaf 20e chloe devis photographe,Réalisation (atelier / projet),Enseignants,2019-01-08,Archiver (galerie filtrable) ; garder les 10-20 plus récentes,non (déduit du slug)
https://www.mgi-paris.org/portfolio/restitution-theatre-ecole-saint-jacques-classe-cm1-thea-occe-75-costa-le-rouge/,restitution theatre ecole saint jacques classe cm1 thea occe 75 costa le rouge,Réalisation (atelier / projet),Enseignants,2021-05-04,Archiver (galerie filtrable) ; garder les 10-20 plus récentes,non (déduit du slug)
https://www.mgi-paris.org/portfolio/lycee-michel-ange-92-atelier-video-je-filme-le-metier-qui-me-plait-2018-christophe-orcand/,lycee michel ange 92 atelier video je filme le metier qui me plait 2018 christophe orcand,Réalisation (atelier / projet),Enseignants,2021-05-11,Archiver (galerie filtrable) ; garder les 10-20 plus récentes,non (déduit du slug)
https://www.mgi-paris.org/portfolio/atelier-photo-lycee-pro-galilee-mission-luttte-decrochage-scolaire-elisabeth-schneider-photographe/,atelier photo lycee pro galilee mission luttte decrochage scolaire elisabeth schneider photographe,Réalisation (atelier / projet),Enseignants,2021-05-04,Archiver (galerie filtrable) ; garder les 10-20 plus récentes,non (déduit du slug)
https://www.mgi-paris.org/portfolio/restitution-nous-les-heros-theatre-lycee-montaigne-seconde-mai-2018/,restitution nous les heros theatre lycee montaigne seconde mai 2018,Réalisation (atelier / projet),Enseignants,2021-05-04,Archiver (galerie filtrable) ; garder les 10-20 plus récentes,non (déduit du slug)
https://www.mgi-paris.org/portfolio/s-engager-pour-liberer-la-france-atelier-video-concours-national-de-la-resistance-et-de-la-deportation-2018/,s engager pour liberer la france atelier video concours national de la resistance et de la deportation 2018,Réalisation (atelier / projet),Enseignants,2021-05-04,Archiver (galerie filtrable) ; garder les 10-20 plus récentes,non (déduit du slug)
https://www.mgi-paris.org/portfolio/atelier-photo-ecole-maternelle-sainte-marthe-moyene-section-svetlana-loboff-juin-2018/,atelier photo ecole maternelle sainte marthe moyene section svetlana loboff juin 2018,Réalisation (atelier / projet),Enseignants,2021-05-04,Archiver (galerie filtrable) ; garder les 10-20 plus récentes,non (déduit du slug)
https://www.mgi-paris.org/portfolio/my-name-is-john-brown-video-college-camille-claudel-mention-special-concours-flamme-de-l-egalite/,my name is john brown video college camille claudel mention special concours flamme de l egalite,Réalisation (atelier / projet),Enseignants,2021-05-04,Archiver (galerie filtrable) ; garder les 10-20 plus récentes,non (déduit du slug)
https://www.mgi-paris.org/portfolio/un-trou-d-aiguille-dans-la-ville-stenopes-photo-college-marcel-pagnol-parcours-croises-jeu-de-paume/,un trou d aiguille dans la ville stenopes photo college marcel pagnol parcours croises jeu de paume,Réalisation (atelier / projet),Enseignants,2021-05-04,Archiver (galerie filtrable) ; garder les 10-20 plus récentes,non (déduit du slug)
https://www.mgi-paris.org/portfolio/stage-theatre-15-18-ans-vacances-hiver-2018-garance-rivoal/,stage theatre 15 18 ans vacances hiver 2018 garance rivoal,Réalisation (stage vacances),Parents/ados,2021-05-04,Archiver (galerie filtrable),non (déduit du slug)
https://www.mgi-paris.org/portfolio/seance-decouverte-2017-enfants-du-patrimoine-sept-ecole-bretonneau-paris-20e/,seance decouverte 2017 enfants du patrimoine sept ecole bretonneau paris 20e,Réalisation (atelier / projet),Enseignants,2025-09-29,Archiver (galerie filtrable) ; garder les 10-20 plus récentes,non (déduit du slug)
https://www.mgi-paris.org/portfolio/paris-en-2100-photo-college-moulin-des-pres-paris-13e/,paris en 2100 photo college moulin des pres paris 13e,Réalisation (atelier / projet),Enseignants,2021-05-04,Archiver (galerie filtrable) ; garder les 10-20 plus récentes,non (déduit du slug)
https://www.mgi-paris.org/portfolio/moments-de-classes-fete-du-court-metrage-2018/,moments de classes fete du court metrage 2018,Réalisation (atelier / projet),Enseignants,2022-04-05,Archiver (galerie filtrable) ; garder les 10-20 plus récentes,non (déduit du slug)
https://www.mgi-paris.org/portfolio/stage-photo-15-18-ans-vacances-hiver-2018-emile-loreaux/,stage photo 15 18 ans vacances hiver 2018 emile loreaux,Réalisation (stage vacances),Parents/ados,2021-05-04,Archiver (galerie filtrable),non (déduit du slug)
https://www.mgi-paris.org/portfolio/stage-video-12-15-ans-vacances-hiver-2018-emilie-aussel/,stage video 12 15 ans vacances hiver 2018 emilie aussel,Réalisation (stage vacances),Parents/ados,2021-05-04,Archiver (galerie filtrable),non (déduit du slug)
https://www.mgi-paris.org/portfolio/stage-theatre-12-15-ans-vacances-hiver-2018-julie-monnier/,stage theatre 12 15 ans vacances hiver 2018 julie monnier,Réalisation (stage vacances),Parents/ados,2021-05-04,Archiver (galerie filtrable),non (déduit du slug)
https://www.mgi-paris.org/portfolio/theatre-lecture-son-ecole-primaire-champagne-cm1-olivia-kryger/,theatre lecture son ecole primaire champagne cm1 olivia kryger,Réalisation (atelier / projet),Enseignants,2021-05-04,Archiver (galerie filtrable) ; garder les 10-20 plus récentes,non (déduit du slug)
https://www.mgi-paris.org/portfolio/stage-photo-12-15-ans-vacances-hiver-2018-ludovic-maillard/,stage photo 12 15 ans vacances hiver 2018 ludovic maillard,Réalisation (stage vacances),Parents/ados,2018-03-28,Archiver (galerie filtrable),non (déduit du slug)
https://www.mgi-paris.org/portfolio/stage-video-15-18-ans-vacances-hiver-2018-simon-backes/,stage video 15 18 ans vacances hiver 2018 simon backes,Réalisation (stage vacances),Parents/ados,2018-03-27,Archiver (galerie filtrable),non (déduit du slug)
https://www.mgi-paris.org/portfolio/college-r-doisneau-2/,college r doisneau 2,Réalisation (atelier / projet),Enseignants,2021-05-04,Archiver (galerie filtrable) ; garder les 10-20 plus récentes,non (déduit du slug)
https://www.mgi-paris.org/portfolio/stage-video-ados-vacances-toussaint-2017-marthe-sebille-2/,stage video ados vacances toussaint 2017 marthe sebille 2,Réalisation (stage vacances),Parents/ados,2021-05-04,Archiver (galerie filtrable),non (déduit du slug)
https://www.mgi-paris.org/portfolio/les-ecritures-theatrales-contemporaines-pour-la-jeunesse-3-quelle-fete/,les ecritures theatrales contemporaines pour la jeunesse 3 quelle fete,Réalisation (atelier / projet),Enseignants,2020-02-12,Archiver (galerie filtrable) ; garder les 10-20 plus récentes,non (déduit du slug)
https://www.mgi-paris.org/portfolio/atelier-theatre-college-octave-greard-2017/,atelier theatre college octave greard 2017,Réalisation (atelier / projet),Enseignants,2018-02-23,Archiver (galerie filtrable) ; garder les 10-20 plus récentes,non (déduit du slug)
https://www.mgi-paris.org/portfolio/stage-video-ados-vacances-toussaint-2017-marthe-sebille/,stage video ados vacances toussaint 2017 marthe sebille,Réalisation (stage vacances),Parents/ados,2018-01-18,Archiver (galerie filtrable),non (déduit du slug)
https://www.mgi-paris.org/portfolio/stage-theatre-ados-vacances-toussaint-2017/,stage theatre ados vacances toussaint 2017,Réalisation (stage vacances),Parents/ados,2017-11-29,Archiver (galerie filtrable),non (déduit du slug)
https://www.mgi-paris.org/portfolio/stage-photo-ados-vacances-toussaint-2017-marie-hudelot/,stage photo ados vacances toussaint 2017 marie hudelot,Réalisation (stage vacances),Parents/ados,2017-11-27,Archiver (galerie filtrable),non (déduit du slug)
https://www.mgi-paris.org/portfolio/stage-video-ados-vacances-toussaint-2017-cedric-venail/,stage video ados vacances toussaint 2017 cedric venail,Réalisation (stage vacances),Parents/ados,2017-11-27,Archiver (galerie filtrable),non (déduit du slug)
https://www.mgi-paris.org/portfolio/lycee-a-malraux-video/,lycee a malraux video,Réalisation (atelier / projet),Enseignants,2017-10-25,Archiver (galerie filtrable) ; garder les 10-20 plus récentes,non (déduit du slug)
https://www.mgi-paris.org/portfolio/theatre-ecole-vauvenargues-lycee-quinet/,theatre ecole vauvenargues lycee quinet,Réalisation (atelier / projet),Enseignants,2017-10-18,Archiver (galerie filtrable) ; garder les 10-20 plus récentes,non (déduit du slug)
https://www.mgi-paris.org/portfolio/college-olivier-de-serres-photo-dis-moi-dix-mots/,college olivier de serres photo dis moi dix mots,Réalisation (atelier / projet),Enseignants,2017-10-18,Archiver (galerie filtrable) ; garder les 10-20 plus récentes,non (déduit du slug)
https://www.mgi-paris.org/portfolio/college-evariste-galois-photo/,college evariste galois photo,Réalisation (atelier / projet),Enseignants,2017-10-19,Archiver (galerie filtrable) ; garder les 10-20 plus récentes,non (déduit du slug)
https://www.mgi-paris.org/portfolio/lycee-henaff/,lycee henaff,Réalisation (atelier / projet),Enseignants,2017-09-29,Archiver (galerie filtrable) ; garder les 10-20 plus récentes,non (déduit du slug)
https://www.mgi-paris.org/portfolio/ecole-elementaire-vicq-dazir/,ecole elementaire vicq dazir,Réalisation (atelier / projet),Enseignants,2017-12-13,Archiver (galerie filtrable) ; garder les 10-20 plus récentes,non (déduit du slug)
https://www.mgi-paris.org/portfolio/college-camille-claudel/,college camille claudel,Réalisation (atelier / projet),Enseignants,2017-08-28,Archiver (galerie filtrable) ; garder les 10-20 plus récentes,non (déduit du slug)
https://www.mgi-paris.org/portfolio/college-dora-maar/,college dora maar,Réalisation (atelier / projet),Enseignants,2017-08-28,Archiver (galerie filtrable) ; garder les 10-20 plus récentes,non (déduit du slug)
https://www.mgi-paris.org/portfolio/objectif-jeux-2024/,objectif jeux 2024,Réalisation (atelier / projet),Enseignants,2024-09-25,Archiver (galerie filtrable) ; garder les 10-20 plus récentes,non (déduit du slug)
https://www.mgi-paris.org/portfolio/lycee-montaigne/,lycee montaigne,Réalisation (atelier / projet),Enseignants,2017-06-29,Archiver (galerie filtrable) ; garder les 10-20 plus récentes,non (déduit du slug)
https://www.mgi-paris.org/portfolio/atelier-photo-college-anne-frank/,atelier photo college anne frank,Réalisation (atelier / projet),Enseignants,2017-06-19,Archiver (galerie filtrable) ; garder les 10-20 plus récentes,non (déduit du slug)
https://www.mgi-paris.org/portfolio/la-fete-du-court-metrage/,la fete du court metrage,Réalisation (atelier / projet),Enseignants,2025-09-29,Archiver (galerie filtrable) ; garder les 10-20 plus récentes,non (déduit du slug)
https://www.mgi-paris.org/portfolio/college-r-doisneau/,college r doisneau,Réalisation (atelier / projet),Enseignants,2017-06-01,Archiver (galerie filtrable) ; garder les 10-20 plus récentes,non (déduit du slug)
https://www.mgi-paris.org/portfolio/college-lavoisier/,college lavoisier,Réalisation (atelier / projet),Enseignants,2017-07-11,Archiver (galerie filtrable) ; garder les 10-20 plus récentes,non (déduit du slug)
https://www.mgi-paris.org/portfolio/college-p-brossolette/,college p brossolette,Réalisation (atelier / projet),Enseignants,2017-10-23,Archiver (galerie filtrable) ; garder les 10-20 plus récentes,non (déduit du slug)
https://www.mgi-paris.org/portfolio/rdv-theatre-video-12-16-ans-rdv-hebdo-2017/,rdv theatre video 12 16 ans rdv hebdo 2017,Réalisation (atelier / projet),Enseignants,2017-05-02,Archiver (galerie filtrable) ; garder les 10-20 plus récentes,non (déduit du slug)
https://www.mgi-paris.org/portfolio/lycee-michelet-video-soulevements/,lycee michelet video soulevements,Réalisation (atelier / projet),Enseignants,2017-10-23,Archiver (galerie filtrable) ; garder les 10-20 plus récentes,non (déduit du slug)
https://www.mgi-paris.org/portfolio/hiver-2017-15-18-ans-3/,hiver 2017 15 18 ans 3,Réalisation (atelier / projet),Enseignants,2017-03-20,Archiver (galerie filtrable) ; garder les 10-20 plus récentes,non (déduit du slug)
https://www.mgi-paris.org/portfolio/hiver-2017-15-18-ans-theatre/,hiver 2017 15 18 ans theatre,Réalisation (atelier / projet),Enseignants,2017-03-29,Archiver (galerie filtrable) ; garder les 10-20 plus récentes,non (déduit du slug)
https://www.mgi-paris.org/portfolio/hiver-2017-15-18-ans-2/,hiver 2017 15 18 ans 2,Réalisation (atelier / projet),Enseignants,2017-11-14,Archiver (galerie filtrable) ; garder les 10-20 plus récentes,non (déduit du slug)
https://www.mgi-paris.org/portfolio/hiver-2017-12-15-ans-4/,hiver 2017 12 15 ans 4,Réalisation (atelier / projet),Enseignants,2017-07-12,Archiver (galerie filtrable) ; garder les 10-20 plus récentes,non (déduit du slug)
https://www.mgi-paris.org/portfolio/hiver-2017-12-15-ans-2/,hiver 2017 12 15 ans 2,Réalisation (atelier / projet),Enseignants,2017-07-06,Archiver (galerie filtrable) ; garder les 10-20 plus récentes,non (déduit du slug)
https://www.mgi-paris.org/portfolio/hiver-2017-12-15-ans-3/,hiver 2017 12 15 ans 3,Réalisation (atelier / projet),Enseignants,2017-02-23,Archiver (galerie filtrable) ; garder les 10-20 plus récentes,non (déduit du slug)
https://www.mgi-paris.org/portfolio/lycee-pierre-lescot/,lycee pierre lescot,Réalisation (atelier / projet),Enseignants,2017-01-30,Archiver (galerie filtrable) ; garder les 10-20 plus récentes,non (déduit du slug)
https://www.mgi-paris.org/portfolio/ecritures-theatrales-contemporaines-pour-la-jeunesse-2/,ecritures theatrales contemporaines pour la jeunesse 2,Réalisation (atelier / projet),Enseignants,2020-02-12,Archiver (galerie filtrable) ; garder les 10-20 plus récentes,non (déduit du slug)
https://www.mgi-paris.org/portfolio/ecoles-elementaire-parmentier-et-championnet/,ecoles elementaire parmentier et championnet,Réalisation (atelier / projet),Enseignants,2017-01-17,Archiver (galerie filtrable) ; garder les 10-20 plus récentes,non (déduit du slug)
https://www.mgi-paris.org/portfolio/cite-scolaire-ravel/,cite scolaire ravel,Réalisation (atelier / projet),Enseignants,2017-01-30,Archiver (galerie filtrable) ; garder les 10-20 plus récentes,non (déduit du slug)
https://www.mgi-paris.org/portfolio/animation-pedagogique-2/,animation pedagogique 2,Réalisation (atelier / projet),Enseignants,2016-12-14,Archiver (galerie filtrable) ; garder les 10-20 plus récentes,non (déduit du slug)
https://www.mgi-paris.org/portfolio/atelier-scolaire-photo-lycee-julie-victoire-daubie/,atelier scolaire photo lycee julie victoire daubie,Réalisation (atelier / projet),Enseignants,2016-12-15,Archiver (galerie filtrable) ; garder les 10-20 plus récentes,non (déduit du slug)
https://www.mgi-paris.org/portfolio/toussaint-2016-12-16-ans-video/,toussaint 2016 12 16 ans video,Réalisation (atelier / projet),Enseignants,2016-11-30,Archiver (galerie filtrable) ; garder les 10-20 plus récentes,non (déduit du slug)
https://www.mgi-paris.org/portfolio/toussaint-2016-12-16-ans-photo/,toussaint 2016 12 16 ans photo,Réalisation (atelier / projet),Enseignants,2016-11-30,Archiver (galerie filtrable) ; garder les 10-20 plus récentes,non (déduit du slug)
https://www.mgi-paris.org/portfolio/college-chaptal/,college chaptal,Réalisation (atelier / projet),Enseignants,2016-11-29,Archiver (galerie filtrable) ; garder les 10-20 plus récentes,non (déduit du slug)
https://www.mgi-paris.org/portfolio/atelier-college-voltaire-photo/,atelier college voltaire photo,Réalisation (atelier / projet),Enseignants,2016-11-10,Archiver (galerie filtrable) ; garder les 10-20 plus récentes,non (déduit du slug)
https://www.mgi-paris.org/portfolio/seance-decouverte-enfants-du-patrimoine-ecole-bignon/,seance decouverte enfants du patrimoine ecole bignon,Réalisation (atelier / projet),Enseignants,2025-09-29,Archiver (galerie filtrable) ; garder les 10-20 plus récentes,non (déduit du slug)
https://www.mgi-paris.org/portfolio/college-gustave-flaubert-video/,college gustave flaubert video,Réalisation (atelier / projet),Enseignants,2016-11-10,Archiver (galerie filtrable) ; garder les 10-20 plus récentes,non (déduit du slug)
https://www.mgi-paris.org/portfolio/ecole-souzy-video/,ecole souzy video,Réalisation (atelier / projet),Enseignants,2016-11-30,Archiver (galerie filtrable) ; garder les 10-20 plus récentes,non (déduit du slug)
https://www.mgi-paris.org/portfolio/stage-printemps-2016-video-15-20-ans/,stage printemps 2016 video 15 20 ans,Réalisation (stage vacances),Parents/ados,2016-11-30,Archiver (galerie filtrable),non (déduit du slug)
https://www.mgi-paris.org/portfolio/college-lamartine-theatre/,college lamartine theatre,Réalisation (atelier / projet),Enseignants,2016-11-30,Archiver (galerie filtrable) ; garder les 10-20 plus récentes,non (déduit du slug)
https://www.mgi-paris.org/portfolio/zoom-ta-ville/,zoom ta ville,Réalisation (atelier / projet),Enseignants,2024-09-25,Archiver (galerie filtrable) ; garder les 10-20 plus récentes,non (déduit du slug)
https://www.mgi-paris.org/portfolio/le-jour-ou-la-pluie-va-tombre-rencontre-lecture/,le jour ou la pluie va tombre rencontre lecture,Réalisation (atelier / projet),Enseignants,2017-03-21,Archiver (galerie filtrable) ; garder les 10-20 plus récentes,non (déduit du slug)
https://www.mgi-paris.org/portfolio/ecole-falguiere-theatre-video/,ecole falguiere theatre video,Réalisation (atelier / projet),Enseignants,2017-10-23,Archiver (galerie filtrable) ; garder les 10-20 plus récentes,non (déduit du slug)
https://www.mgi-paris.org/portfolio/retrospective-objectif-photo-le-paris-des-enfants-2010-2015/,retrospective objectif photo le paris des enfants 2010 2015,Réalisation (atelier / projet),Enseignants,2017-06-30,Archiver (galerie filtrable) ; garder les 10-20 plus récentes,non (déduit du slug)
https://www.mgi-paris.org/portfolio/college-louise-michele-theatre/,college louise michele theatre,Réalisation (atelier / projet),Enseignants,2016-11-30,Archiver (galerie filtrable) ; garder les 10-20 plus récentes,non (déduit du slug)
https://www.mgi-paris.org/portfolio/seance-decouverte-college-lavoisier/,seance decouverte college lavoisier,Réalisation (atelier / projet),Enseignants,2025-09-29,Archiver (galerie filtrable) ; garder les 10-20 plus récentes,non (déduit du slug)
https://www.mgi-paris.org/portfolio/ecritures-theatrales-pour-la-jeunesse/,ecritures theatrales pour la jeunesse,Réalisation (atelier / projet),Enseignants,2020-02-12,Archiver (galerie filtrable) ; garder les 10-20 plus récentes,non (déduit du slug)
https://www.mgi-paris.org/portfolio/seance-transversarts-a-destination-des-professeurs/,seance transversarts a destination des professeurs,Réalisation (atelier / projet),Enseignants,2016-11-30,Archiver (galerie filtrable) ; garder les 10-20 plus récentes,non (déduit du slug)
https://www.mgi-paris.org/portfolio/le-jour-le-plus-court-2015-cinema-danimation/,le jour le plus court 2015 cinema danimation,Réalisation (atelier / projet),Enseignants,2025-09-29,Archiver (galerie filtrable) ; garder les 10-20 plus récentes,non (déduit du slug)
https://www.mgi-paris.org/portfolio/stage-theatre-15-18-ans-vacances-dhiver-2016/,stage theatre 15 18 ans vacances dhiver 2016,Réalisation (stage vacances),Parents/ados,2016-11-30,Archiver (galerie filtrable),non (déduit du slug)
https://www.mgi-paris.org/portfolio/stage-photo-15-18-ans-vacances-dhiver-2016/,stage photo 15 18 ans vacances dhiver 2016,Réalisation (stage vacances),Parents/ados,2017-02-02,Archiver (galerie filtrable),non (déduit du slug)
https://www.mgi-paris.org/portfolio/stage-theatre-video-12-16-ans-rdv-hebdo-2016/,stage theatre video 12 16 ans rdv hebdo 2016,Réalisation (stage vacances),Parents/ados,2016-11-10,Archiver (galerie filtrable),non (déduit du slug)
https://www.mgi-paris.org/portfolio/stage-theatre-12-15-ans-vacances-dhiver-2016/,stage theatre 12 15 ans vacances dhiver 2016,Réalisation (stage vacances),Parents/ados,2017-11-14,Archiver (galerie filtrable),non (déduit du slug)
https://www.mgi-paris.org/portfolio/stage-video-15-18-ans-vacances-hiver-2016/,stage video 15 18 ans vacances hiver 2016,Réalisation (stage vacances),Parents/ados,2016-11-10,Archiver (galerie filtrable),non (déduit du slug)
https://www.mgi-paris.org/portfolio/stage-photo-12-15-ans-vacances-hiver-2016/,stage photo 12 15 ans vacances hiver 2016,Réalisation (stage vacances),Parents/ados,2017-11-20,Archiver (galerie filtrable),non (déduit du slug)
https://www.mgi-paris.org/portfolio/stage-video-12-15-ans-vacances-hiver-2016/,stage video 12 15 ans vacances hiver 2016,Réalisation (stage vacances),Parents/ados,2016-11-30,Archiver (galerie filtrable),non (déduit du slug)
https://www.mgi-paris.org/portfolio/college-doisneau-theatre-et-son/,college doisneau theatre et son,Réalisation (atelier / projet),Enseignants,2016-11-10,Archiver (galerie filtrable) ; garder les 10-20 plus récentes,non (déduit du slug)
https://www.mgi-paris.org/portfolio/animation-pedagogique/,animation pedagogique,Réalisation (atelier / projet),Enseignants,2016-11-10,Archiver (galerie filtrable) ; garder les 10-20 plus récentes,non (déduit du slug)
https://www.mgi-paris.org/portfolio/lycee-michelet-video/,lycee michelet video,Réalisation (atelier / projet),Enseignants,2017-10-23,Archiver (galerie filtrable) ; garder les 10-20 plus récentes,non (déduit du slug)
https://www.mgi-paris.org/portfolio/college-gustave-flaubert-theatre-et-animation/,college gustave flaubert theatre et animation,Réalisation (atelier / projet),Enseignants,2025-09-29,Archiver (galerie filtrable) ; garder les 10-20 plus récentes,non (déduit du slug)
https://www.mgi-paris.org/portfolio/ecole-leon-schwartzenberg-danse/,ecole leon schwartzenberg danse,Réalisation (atelier / projet),Enseignants,2016-11-10,Archiver (galerie filtrable) ; garder les 10-20 plus récentes,non (déduit du slug)
https://www.mgi-paris.org/portfolio/college-couperin-theatre/,college couperin theatre,Réalisation (atelier / projet),Enseignants,2016-11-10,Archiver (galerie filtrable) ; garder les 10-20 plus récentes,non (déduit du slug)
https://www.mgi-paris.org/portfolio/stage-toussaint-2014-photo-1216-ans/,stage toussaint 2014 photo 1216 ans,Réalisation (stage vacances),Parents/ados,2016-11-10,Archiver (galerie filtrable),non (déduit du slug)
https://www.mgi-paris.org/portfolio/college-joliot-curie-theatre-urbanisme/,college joliot curie theatre urbanisme,Réalisation (atelier / projet),Enseignants,2016-11-10,Archiver (galerie filtrable) ; garder les 10-20 plus récentes,non (déduit du slug)
https://www.mgi-paris.org/portfolio/enfants-du-patrimoine-seances-decouvertes/,enfants du patrimoine seances decouvertes,Réalisation (atelier / projet),Enseignants,2024-08-30,Archiver (galerie filtrable) ; garder les 10-20 plus récentes,non (déduit du slug)
https://www.mgi-paris.org/portfolio/ecole-elementaire-vaucanson-video/,ecole elementaire vaucanson video,Réalisation (atelier / projet),Enseignants,2016-11-10,Archiver (galerie filtrable) ; garder les 10-20 plus récentes,non (déduit du slug)
https://www.mgi-paris.org/portfolio/758/,758,Réalisation (atelier / projet),Enseignants,2016-11-10,Archiver (galerie filtrable) ; garder les 10-20 plus récentes,non (déduit du slug)
https://www.mgi-paris.org/portfolio/lycee-colbert-photo/,lycee colbert photo,Réalisation (atelier / projet),Enseignants,2016-11-10,Archiver (galerie filtrable) ; garder les 10-20 plus récentes,non (déduit du slug)
https://www.mgi-paris.org/portfolio/lycee-colbert-video/,lycee colbert video,Réalisation (atelier / projet),Enseignants,2016-11-10,Archiver (galerie filtrable) ; garder les 10-20 plus récentes,non (déduit du slug)
https://www.mgi-paris.org/portfolio/college-georges-courteline-video/,college georges courteline video,Réalisation (atelier / projet),Enseignants,2016-11-10,Archiver (galerie filtrable) ; garder les 10-20 plus récentes,non (déduit du slug)
https://www.mgi-paris.org/portfolio/college-cesar-franck-theatre/,college cesar franck theatre,Réalisation (atelier / projet),Enseignants,2016-11-10,Archiver (galerie filtrable) ; garder les 10-20 plus récentes,non (déduit du slug)
https://www.mgi-paris.org/portfolio/college-michelet-theatre/,college michelet theatre,Réalisation (atelier / projet),Enseignants,2016-11-10,Archiver (galerie filtrable) ; garder les 10-20 plus récentes,non (déduit du slug)
https://www.mgi-paris.org/portfolio/ecole-maternelle-paul-dubois-arts-plastique/,ecole maternelle paul dubois arts plastique,Réalisation (atelier / projet),Enseignants,2016-11-10,Archiver (galerie filtrable) ; garder les 10-20 plus récentes,non (déduit du slug)
https://www.mgi-paris.org/portfolio/jour-le-plus-court-cinema-danimation/,jour le plus court cinema danimation,Réalisation (atelier / projet),Enseignants,2025-09-29,Archiver (galerie filtrable) ; garder les 10-20 plus récentes,non (déduit du slug)
https://www.mgi-paris.org/portfolio/stage-toussaint-2014-video-1216-ans/,stage toussaint 2014 video 1216 ans,Réalisation (stage vacances),Parents/ados,2016-11-10,Archiver (galerie filtrable),non (déduit du slug)
https://www.mgi-paris.org/portfolio/stage-toussaint-2014-theatre-1216-ans/,stage toussaint 2014 theatre 1216 ans,Réalisation (stage vacances),Parents/ados,2016-11-10,Archiver (galerie filtrable),non (déduit du slug)
https://www.mgi-paris.org/portfolio/paris-en-lettres-capitales/,paris en lettres capitales,Réalisation (atelier / projet),Enseignants,2017-10-25,Archiver (galerie filtrable) ; garder les 10-20 plus récentes,non (déduit du slug)
https://www.mgi-paris.org/portfolio/stage-toussaint-2013-photo-1216-ans/,stage toussaint 2013 photo 1216 ans,Réalisation (stage vacances),Parents/ados,2016-11-10,Archiver (galerie filtrable),non (déduit du slug)
https://www.mgi-paris.org/portfolio/stage-toussaint-2013-theatre-12-16-ans/,stage toussaint 2013 theatre 12 16 ans,Réalisation (stage vacances),Parents/ados,2021-05-11,Archiver (galerie filtrable),non (déduit du slug)
https://www.mgi-paris.org/portfolio/stage-toussaint-2013-video-12-16-ans/,stage toussaint 2013 video 12 16 ans,Réalisation (stage vacances),Parents/ados,2017-12-13,Archiver (galerie filtrable),non (déduit du slug)
https://www.mgi-paris.org/portfolio/ecole-fontarabie/,ecole fontarabie,Réalisation (atelier / projet),Enseignants,2017-12-13,Archiver (galerie filtrable) ; garder les 10-20 plus récentes,non (déduit du slug)
https://www.mgi-paris.org/interviews-20-21-egalites/,interviews 20 21 egalites,Interview,Enseignants/pros,2021-04-29,Archiver (rubrique Ressources),non (déduit du slug)
https://www.mgi-paris.org/egalite-outils/,egalite outils,Thème annuel (ressource),Enseignants,2020-12-15,Archiver (Ressources),non (déduit du slug)
https://www.mgi-paris.org/egalite-s-dans-les-ateliers/,egalite s dans les ateliers,Thème annuel (ressource),Enseignants,2022-07-11,Archiver (Ressources),non (déduit du slug)
https://www.mgi-paris.org/qui-sommes-nous-2/feed/,Flux RSS,Feed technique,—,2026-07-23,Supprimer du sitemap (noindex),non (déduit du slug)
https://www.mgi-paris.org/wp-content/uploads/2024/08/2022-2023_bilan_brochure_envoi.pdf,2022-2023_bilan_brochure_envoi.pdf,PDF/document,Selon le document,2024-08-28,Archiver (PDF ancien),non (déduit du slug)
https://www.mgi-paris.org/wp-content/uploads/2026/01/Brochure_25_26_bassedef.pdf,Brochure_25_26_bassedef.pdf,PDF/document,Selon le document,2026-01-21,"Garder (presse/brochure), lien depuis page dédiée",non (déduit du slug)
https://www.mgi-paris.org/wp-content/uploads/2023/10/dossier_de_presse_Mgi_30102023_bd_ok.pdf,dossier_de_presse_Mgi_30102023_bd_ok.pdf,PDF/document,Selon le document,2023-10-30,"Garder (presse/brochure), lien depuis page dédiée",non (déduit du slug)
https://www.mgi-paris.org/lieu-la-mgi-un-centre-de-creation-et-de-mediation-artistique-pour-la-jeunesse/feed/,Flux RSS,Feed technique,—,2026-07-23,Supprimer du sitemap (noindex),non (déduit du slug)
https://www.mgi-paris.org/partenaires/feed/,Flux RSS,Feed technique,—,2026-07-23,Supprimer du sitemap (noindex),non (déduit du slug)
https://www.mgi-paris.org/equipe/feed/,Flux RSS,Feed technique,—,2026-07-23,Supprimer du sitemap (noindex),non (déduit du slug)
https://www.mgi-paris.org/cartes_blanches_2022_2023/,Cartes blanches 2022-2023,Archive événements,Pros/partenaires,2024-03-06,Archiver,oui
https://www.mgi-paris.org/cartes_blanches_2021_2022/,Cartes blanches 2021-2022,Archive événements,Pros/partenaires,2022-07-08,Archiver,oui
https://www.mgi-paris.org/wp-content/uploads/2025/09/filmo_jeu_ld.pdf,filmo_jeu_ld.pdf,PDF/document,Selon le document,2025-09-26,Archiver (PDF ancien),non (déduit du slug)
https://www.mgi-paris.org/wp-content/uploads/2024/07/brochure_mgi_24_25_interactiv_ld.pdf,brochure_mgi_24_25_interactiv_ld.pdf,PDF/document,Selon le document,2024-07-18,Archiver (PDF ancien),non (déduit du slug)
https://www.mgi-paris.org/stage-de-3e-decouverte-des-metiers-des-arts-et-de-la-culture/,Stage de 3e (14-18 déc. 2026),Offre en cours,Parents/ados,2025-10-29,Garder. Meta description obsolète (« 16 au 21 décembre 2024 »),oui
https://www.mgi-paris.org/pouvoir-s-en-corps-interview-2-karin-palmieri-metteure-en-scene-pedagogue-et-cecile-rapin-professeure-des-ecoles/,pouvoir s en corps interview 2 karin palmieri metteure en scene pedagogue et cecile rapin professeure des ecoles,Interview,Enseignants/pros,2024-01-12,Archiver (rubrique Ressources),non (déduit du slug)
https://www.mgi-paris.org/pouvoir-s-en-corps-interview-2-equipe-acceuil-fanta-cisse-mina-miedema-aurelia-romeo/,pouvoir s en corps interview 2 equipe acceuil fanta cisse mina miedema aurelia romeo,Interview,Enseignants/pros,2023-10-25,Archiver (rubrique Ressources),non (déduit du slug)
https://www.mgi-paris.org/pouvoir-s-interview-3-elodie-vincent-comedienne/,pouvoir s interview 3 elodie vincent comedienne,Interview,Enseignants/pros,2023-10-10,Archiver (rubrique Ressources),non (déduit du slug)
https://www.mgi-paris.org/pouvoir-s-interview-2-leandre-ruiz-dalaine-choregraphe/,pouvoir s interview 2 leandre ruiz dalaine choregraphe,Interview,Enseignants/pros,2023-10-10,Archiver (rubrique Ressources),non (déduit du slug)
https://www.mgi-paris.org/pouvoir-s-interview-1-myriam-cassan-laurent-geniller/,pouvoir s interview 1 myriam cassan laurent geniller,Interview,Enseignants/pros,2023-01-03,Archiver (rubrique Ressources),non (déduit du slug)
https://www.mgi-paris.org/mot-d-anita-weber-presidente-de-la-mgi-pouvoir-s/,mot d anita weber presidente de la mgi pouvoir s,Projet passé / édito,Partenaires,2022-08-25,Archiver,non (déduit du slug)
https://www.mgi-paris.org/interviews-21-22-fraternite-sororite/,interviews 21 22 fraternite sororite,Interview,Enseignants/pros,2022-07-11,Archiver (rubrique Ressources),non (déduit du slug)
https://www.mgi-paris.org/mot-d-anita-weber-presidente-de-la-mgi/,mot d anita weber presidente de la mgi,Projet passé / édito,Partenaires,2022-07-08,Archiver,non (déduit du slug)
https://www.mgi-paris.org/libertes-un-jour-une-story-2/,libertes un jour une story 2,Thème annuel (ressource),Enseignants,2022-07-11,Archiver (Ressources),non (déduit du slug)
https://www.mgi-paris.org/galerie-des-ateliers-2/,Galerie des ateliers (copie 2),Doublon technique,Tous,2025-03-25,Supprimer (même contenu que /galerie-des-ateliers/),oui
https://www.mgi-paris.org/wp-content/uploads/2026/07/fiches_formation_2026_2027-v4.pdf,fiches_formation_2026_2027-v4.pdf,PDF/document,Selon le document,2026-07-08,Garder (à remplacer par pages HTML par formation),non (déduit du slug)
https://www.mgi-paris.org/infos-pratiques/feed/,Flux RSS,Feed technique,—,2026-07-23,Supprimer du sitemap (noindex),non (déduit du slug)
https://www.mgi-paris.org/newsletter-abonnement/feed/,Flux RSS,Feed technique,—,2026-07-23,Supprimer du sitemap (noindex),non (déduit du slug)
https://www.mgi-paris.org/qui-sommes-nous/feed/,Flux RSS,Feed technique,—,2026-07-23,Supprimer du sitemap (noindex),non (déduit du slug)
https://www.mgi-paris.org/je-multiple/,« Je/Multiple » — exposition 2023,Projet passé,Tous,2023-04-11,Archiver,oui
https://www.mgi-paris.org/flip-trope-scope-atelier-jeux-optiques-8-11-ans-2-3-4-novembre-2022/,Atelier jeux optiques 8-11 ans (nov. 2022),Projet passé,Parents,2022-10-25,Archiver,oui
https://www.mgi-paris.org/team/francesca-loprieno/,Fiche équipe : francesca loprieno,Fiche personne,Partenaires,2020-11-04,Fusionner dans /equipe/ (fiches individuelles peu utiles au SEO),non (déduit du slug)
https://www.mgi-paris.org/greard-egalite-precarite/,greard egalite precarite,Thème annuel (ressource),Enseignants,2021-04-02,Archiver (Ressources),non (déduit du slug)
https://www.mgi-paris.org/team/fausto-urru/,Fiche équipe : fausto urru,Fiche personne,Partenaires,2020-11-06,Fusionner dans /equipe/ (fiches individuelles peu utiles au SEO),non (déduit du slug)
https://www.mgi-paris.org/team/eric-alcyon/,Fiche équipe : eric alcyon,Fiche personne,Partenaires,2021-04-12,Fusionner dans /equipe/ (fiches individuelles peu utiles au SEO),non (déduit du slug)
https://www.mgi-paris.org/ecole-saint-jacques-cm1-cm2-ferreira-landre-theatre-ecriture-son/,ecole saint jacques cm1 cm2 ferreira landre theatre ecriture son,Projet passé (atelier scolaire 2019-2021),Enseignants,2020-06-19,Archiver (galerie filtrable),non (déduit du slug)
https://www.mgi-paris.org/cmp-chomel-bisac-delorenzi-mancuso-photo/,cmp chomel bisac delorenzi mancuso photo,Projet passé (atelier scolaire 2019-2021),Enseignants,2020-06-24,Archiver (galerie filtrable),non (déduit du slug)
https://www.mgi-paris.org/college-camille-claudel-residence-apg-upe2a-theatre-photo/,college camille claudel residence apg upe2a theatre photo,Projet passé (atelier scolaire 2019-2021),Enseignants,2020-06-23,Archiver (galerie filtrable),non (déduit du slug)
https://www.mgi-paris.org/college-clemenceau-interdegre-cm2-6e-5e-ecriture-liberte-cherie/,college clemenceau interdegre cm2 6e 5e ecriture liberte cherie,Thème annuel (ressource),Enseignants,2020-06-25,Archiver (Ressources),non (déduit du slug)
https://www.mgi-paris.org/les-ailes-de-nos-vies-college-cesar-franck-berthenet-cotaya-fraisse-bareille-ecriture-son/,les ailes de nos vies college cesar franck berthenet cotaya fraisse bareille ecriture son,Projet passé (atelier scolaire 2019-2021),Enseignants,2020-06-19,Archiver (galerie filtrable),non (déduit du slug)
https://www.mgi-paris.org/institut-sainte-genevieve-3e-bonnay-sliwka/,institut sainte genevieve 3e bonnay sliwka,Projet passé (atelier scolaire 2019-2021),Enseignants,2020-06-19,Archiver (galerie filtrable),non (déduit du slug)
https://www.mgi-paris.org/college-greard-2-classes-de-3e-battistella-aucy-petillot-gaillard/,college greard 2 classes de 3e battistella aucy petillot gaillard,Thème annuel (ressource),Enseignants,2020-06-19,Archiver (Ressources),non (déduit du slug)
https://www.mgi-paris.org/souvenirs-de-migrants-dominik-manns-college-moliere/,souvenirs de migrants dominik manns college moliere,Projet passé (atelier scolaire 2019-2021),Enseignants,2020-06-19,Archiver (galerie filtrable),non (déduit du slug)
https://www.mgi-paris.org/college-moulin-des-pres-classe-6e-roue-maillard-zaworonko-photo/,college moulin des pres classe 6e roue maillard zaworonko photo,Projet passé (atelier scolaire 2019-2021),Enseignants,2020-07-10,Archiver (galerie filtrable),non (déduit du slug)
https://www.mgi-paris.org/oublie-de-l-histoire-cyrille-bissette-atelier-video-college-oeben-paris-2/,oublie de l histoire cyrille bissette atelier video college oeben paris 2,Projet passé (atelier scolaire 2019-2021),Enseignants,2020-06-19,Archiver (galerie filtrable),non (déduit du slug)
https://www.mgi-paris.org/college-perrin-eleves-cm2-6e-sophie-ponchon-zabou-carriere-photo/,college perrin eleves cm2 6e sophie ponchon zabou carriere photo,Projet passé (atelier scolaire 2019-2021),Enseignants,2020-06-23,Archiver (galerie filtrable),non (déduit du slug)
https://www.mgi-paris.org/college-poquelin-upe2a-nsa-zamansky-durmaz-video-echos/,college poquelin upe2a nsa zamansky durmaz video echos,Projet passé (atelier scolaire 2019-2021),Enseignants,2020-10-14,Archiver (galerie filtrable),non (déduit du slug)
https://www.mgi-paris.org/college-ravel-classe-3e-petillot-clavel-antigone-non-a-theatre/,college ravel classe 3e petillot clavel antigone non a theatre,Projet passé (atelier scolaire 2019-2021),Enseignants,2020-06-26,Archiver (galerie filtrable),non (déduit du slug)
https://www.mgi-paris.org/college-rouault-upe2a-ribis-le-bihan-bienvenue-monde-video/,college rouault upe2a ribis le bihan bienvenue monde video,Projet passé (atelier scolaire 2019-2021),Enseignants,2020-10-14,Archiver (galerie filtrable),non (déduit du slug)
https://www.mgi-paris.org/college-verlaine-3e-criqui-tricot-venail-jolly-video-gueux-victor-hugo-hier-aujourdhui/,college verlaine 3e criqui tricot venail jolly video gueux victor hugo hier aujourdhui,Projet passé (atelier scolaire 2019-2021),Enseignants,2020-07-09,Archiver (galerie filtrable),non (déduit du slug)
https://www.mgi-paris.org/college-verlaine-4e-criqui-tricot-theatre-claude-gueux-carte-blanche/,college verlaine 4e criqui tricot theatre claude gueux carte blanche,Archive événements (carte blanche),Pros/partenaires,2020-06-20,Archiver,non (déduit du slug)
https://www.mgi-paris.org/college-voltaire-3e-alexane-perrin-katherine-blanc-photo/,college voltaire 3e alexane perrin katherine blanc photo,Projet passé (atelier scolaire 2019-2021),Enseignants,2020-06-19,Archiver (galerie filtrable),non (déduit du slug)
https://www.mgi-paris.org/lycee-boulle-1ere-guegan-methy-loubatie-photo/,lycee boulle 1ere guegan methy loubatie photo,Projet passé (atelier scolaire 2019-2021),Enseignants,2021-02-03,Archiver (galerie filtrable),non (déduit du slug)
https://www.mgi-paris.org/piece-a-distance-lycee-paul-bert-memoire-d-un-esclave/,piece a distance lycee paul bert memoire d un esclave,Projet passé (atelier scolaire 2019-2021),Enseignants,2020-06-19,Archiver (galerie filtrable),non (déduit du slug)
https://www.mgi-paris.org/piece-a-distance-lycee-paul-bert-terminale-balade-sauvage/,piece a distance lycee paul bert terminale balade sauvage,Projet passé (atelier scolaire 2019-2021),Enseignants,2020-07-08,Archiver (galerie filtrable),non (déduit du slug)
https://www.mgi-paris.org/lycee-julie-victoire-daubie-1ere-marie-laure-buisson-yip-katherine-blanc-photo-2/,lycee julie victoire daubie 1ere marie laure buisson yip katherine blanc photo 2,Projet passé (atelier scolaire 2019-2021),Enseignants,2020-06-19,Archiver (galerie filtrable),non (déduit du slug)
https://www.mgi-paris.org/atelier-cinema-d-animation-lycee-pro-andre-malraux-77-melody-da-fonseca/,atelier cinema d animation lycee pro andre malraux 77 melody da fonseca,Projet passé (atelier scolaire 2019-2021),Enseignants,2021-01-26,Archiver (galerie filtrable),non (déduit du slug)
https://www.mgi-paris.org/lycee-montaigne-option-facultative-theatre-basuyaux-rivoal-martinelli-20-juin-pinocchio/,lycee montaigne option facultative theatre basuyaux rivoal martinelli 20 juin pinocchio,Projet passé (atelier scolaire 2019-2021),Enseignants,2020-06-19,Archiver (galerie filtrable),non (déduit du slug)
https://www.mgi-paris.org/lycee-montaigne-option-facultative-theatre-basuyaux-rivoal-martinelli-20-juin-circulation/,lycee montaigne option facultative theatre basuyaux rivoal martinelli 20 juin circulation,Projet passé (atelier scolaire 2019-2021),Enseignants,2020-06-19,Archiver (galerie filtrable),non (déduit du slug)
https://www.mgi-paris.org/lycee-montaigne-enseignement-de-specialite-theatre-basuyaux-rivoal-martinelli-20-juin-hamlet/,lycee montaigne enseignement de specialite theatre basuyaux rivoal martinelli 20 juin hamlet,Projet passé (atelier scolaire 2019-2021),Enseignants,2020-07-09,Archiver (galerie filtrable),non (déduit du slug)
https://www.mgi-paris.org/memoire-photographique-au-stenope-sur-verre/,memoire photographique au stenope sur verre,Projet passé (atelier scolaire 2019-2021),Enseignants,2020-06-19,Archiver (galerie filtrable),non (déduit du slug)
https://www.mgi-paris.org/cadavrexquis-eleves-lycee-voillaume-christophe-orcand-chef-operateur/,cadavrexquis eleves lycee voillaume christophe orcand chef operateur,Projet passé (atelier scolaire 2019-2021),Enseignants,2020-06-19,Archiver (galerie filtrable),non (déduit du slug)
https://www.mgi-paris.org/libertes-confinees-christine-culerier-metteure-en-scene/,libertes confinees christine culerier metteure en scene,Thème annuel (ressource),Enseignants,2020-06-19,Archiver (Ressources),non (déduit du slug)
https://www.mgi-paris.org/rdv-hebdo-2020-12-16-ans-theatre-video-backes-petillot-ca-crame/,rdv hebdo 2020 12 16 ans theatre video backes petillot ca crame,Projet passé (atelier scolaire 2019-2021),Enseignants,2020-06-19,Archiver (galerie filtrable),non (déduit du slug)
https://www.mgi-paris.org/rdv-hebdo-2020-12-16-ans-photo-blanc/,rdv hebdo 2020 12 16 ans photo blanc,Projet passé (atelier scolaire 2019-2021),Enseignants,2020-06-19,Archiver (galerie filtrable),non (déduit du slug)
https://www.mgi-paris.org/stage-vacances-dhiver-2020-15-18-ans-theatre-avec-jana-klein/,stage vacances dhiver 2020 15 18 ans theatre avec jana klein,Projet passé (atelier scolaire 2019-2021),Enseignants,2020-06-19,Archiver (galerie filtrable),non (déduit du slug)
https://www.mgi-paris.org/stage-vacances-dhiver-15-18-ans-photo-carte-blanche/,stage vacances dhiver 15 18 ans photo carte blanche,Archive événements (carte blanche),Pros/partenaires,2020-06-19,Archiver,non (déduit du slug)
https://www.mgi-paris.org/stage-vacances-dhiver-15-18-ans-video-lachimia-carte-blanche/,stage vacances dhiver 15 18 ans video lachimia carte blanche,Archive événements (carte blanche),Pros/partenaires,2020-06-19,Archiver,non (déduit du slug)
https://www.mgi-paris.org/stage-vacances-dhiver-12-15-ans-photo-carte-blanche/,stage vacances dhiver 12 15 ans photo carte blanche,Archive événements (carte blanche),Pros/partenaires,2020-06-19,Archiver,non (déduit du slug)
https://www.mgi-paris.org/stage-vacances-dhiver-12-ans-15-ans-video-carte-blanche/,stage vacances dhiver 12 ans 15 ans video carte blanche,Archive événements (carte blanche),Pros/partenaires,2020-06-19,Archiver,non (déduit du slug)
https://www.mgi-paris.org/stage-vacances-dhiver-12-15-ans-theatre-carte-blanche/,stage vacances dhiver 12 15 ans theatre carte blanche,Archive événements (carte blanche),Pros/partenaires,2020-06-19,Archiver,non (déduit du slug)
https://www.mgi-paris.org/stages-toussaint-photo-2019-mpaa-centre-anim-hortense-vinet/,stages toussaint photo 2019 mpaa centre anim hortense vinet,Projet passé (atelier scolaire 2019-2021),Enseignants,2020-06-19,Archiver (galerie filtrable),non (déduit du slug)
https://www.mgi-paris.org/stages-toussaint-theatre-2019-mpaa-centre-anim-sylvain-levey/,stages toussaint theatre 2019 mpaa centre anim sylvain levey,Projet passé (atelier scolaire 2019-2021),Enseignants,2020-06-19,Archiver (galerie filtrable),non (déduit du slug)
https://www.mgi-paris.org/stages-toussaint-video-2019-mpaa-centre-anim-mario-sagradini/,stages toussaint video 2019 mpaa centre anim mario sagradini,Projet passé (atelier scolaire 2019-2021),Enseignants,2020-06-19,Archiver (galerie filtrable),non (déduit du slug)
https://www.mgi-paris.org/passage-s-3-au-theatre-2019-2020-compagnie-s-vrai/,passage s 3 au theatre 2019 2020 compagnie s vrai,Projet passé / édito,Partenaires,2020-06-16,Archiver,non (déduit du slug)
https://www.mgi-paris.org/passage-s-2-au-musee-2018-2019-compagnie-s-vrai/,passage s 2 au musee 2018 2019 compagnie s vrai,Projet passé / édito,Partenaires,2020-06-18,Archiver,non (déduit du slug)
https://www.mgi-paris.org/passage-s-1-au-parlement-2017-2018-compagnie-s-vrai/,passage s 1 au parlement 2017 2018 compagnie s vrai,Projet passé / édito,Partenaires,2023-06-27,Archiver,non (déduit du slug)
https://www.mgi-paris.org/portfolio/carte-blanche-7-liberte-s/feed/,Flux RSS,Feed technique,—,2026-07-23,Supprimer du sitemap (noindex),non (déduit du slug)
https://www.mgi-paris.org/team/cynthia-mancuso/,Fiche équipe : cynthia mancuso,Fiche personne,Partenaires,2025-05-16,Fusionner dans /equipe/ (fiches individuelles peu utiles au SEO),non (déduit du slug)
https://www.mgi-paris.org/team/anais-pachabezian/,Fiche équipe : anais pachabezian,Fiche personne,Partenaires,2021-04-13,Fusionner dans /equipe/ (fiches individuelles peu utiles au SEO),non (déduit du slug)
https://www.mgi-paris.org/team/ania-winkler/,Fiche équipe : ania winkler,Fiche personne,Partenaires,2021-04-13,Fusionner dans /equipe/ (fiches individuelles peu utiles au SEO),non (déduit du slug)
https://www.mgi-paris.org/team/zabou-carriere/,Fiche équipe : zabou carriere,Fiche personne,Partenaires,2021-04-12,Fusionner dans /equipe/ (fiches individuelles peu utiles au SEO),non (déduit du slug)
https://www.mgi-paris.org/team/daniel-runacher/,Fiche équipe : daniel runacher,Fiche personne,Partenaires,2021-04-12,Fusionner dans /equipe/ (fiches individuelles peu utiles au SEO),non (déduit du slug)
https://www.mgi-paris.org/team/michel-lebrun/,Fiche équipe : michel lebrun,Fiche personne,Partenaires,2020-04-17,Fusionner dans /equipe/ (fiches individuelles peu utiles au SEO),non (déduit du slug)
https://www.mgi-paris.org/team/sebastien-loubatie/,Fiche équipe : sebastien loubatie,Fiche personne,Partenaires,2020-04-17,Fusionner dans /equipe/ (fiches individuelles peu utiles au SEO),non (déduit du slug)
https://www.mgi-paris.org/team/dorothee-davoise/,Fiche équipe : dorothee davoise,Fiche personne,Partenaires,2021-04-12,Fusionner dans /equipe/ (fiches individuelles peu utiles au SEO),non (déduit du slug)
https://www.mgi-paris.org/team/hanna-zaworonko/,Fiche équipe : hanna zaworonko,Fiche personne,Partenaires,2020-04-17,Fusionner dans /equipe/ (fiches individuelles peu utiles au SEO),non (déduit du slug)
https://www.mgi-paris.org/team/valentine-vannelli/,Fiche équipe : valentine vannelli,Fiche personne,Partenaires,2020-04-17,Fusionner dans /equipe/ (fiches individuelles peu utiles au SEO),non (déduit du slug)
https://www.mgi-paris.org/team/anne-veaute/,Fiche équipe : anne veaute,Fiche personne,Partenaires,2020-04-17,Fusionner dans /equipe/ (fiches individuelles peu utiles au SEO),non (déduit du slug)
https://www.mgi-paris.org/team/hortens-vinet/,Fiche équipe : hortens vinet,Fiche personne,Partenaires,2020-04-17,Fusionner dans /equipe/ (fiches individuelles peu utiles au SEO),non (déduit du slug)
https://www.mgi-paris.org/team/adele-rickard/,Fiche équipe : adele rickard,Fiche personne,Partenaires,2021-04-12,Fusionner dans /equipe/ (fiches individuelles peu utiles au SEO),non (déduit du slug)
https://www.mgi-paris.org/jeu-de-paume/,Partenariat Jeu de Paume — Parcours croisés,Offre en cours,Enseignants,2022-03-16,"Garder, rattacher aux parcours scolaires",oui
https://www.mgi-paris.org/pdf/expo_jeu_de_paume_des_marches_urbaines.pdf,expo_jeu_de_paume_des_marches_urbaines.pdf,PDF/document,Selon le document,2018-06-27,Archiver (PDF ancien),non (déduit du slug)
https://www.mgi-paris.org/pdf/programme_formation_ecritures_theatre_jeunesse_3_basse_def.pdf,programme_formation_ecritures_theatre_jeunesse_3_basse_def.pdf,PDF/document,Selon le document,2018-02-27,Archiver (PDF ancien),non (déduit du slug)
https://www.mgi-paris.org/pdf/bulletin_inscription.docx,bulletin_inscription.docx,PDF/document,Selon le document,2017-03-17,"Supprimer (2017, obsolète)",non (déduit du slug)
https://www.mgi-paris.org/interviews-10-adele-rickard-zabou-carriere-cynthia-mancuso/,interviews 10 adele rickard zabou carriere cynthia mancuso,Interview,Enseignants/pros,2021-12-01,Archiver (rubrique Ressources),non (déduit du slug)
https://www.mgi-paris.org/interview-9-stephane-jana-klein-stephane-schoukroun/,interview 9 stephane jana klein stephane schoukroun,Interview,Enseignants/pros,2021-07-01,Archiver (rubrique Ressources),non (déduit du slug)
https://www.mgi-paris.org/interview-8-eleves-3e/,interview 8 eleves 3e,Interview,Enseignants/pros,2021-05-31,Archiver (rubrique Ressources),non (déduit du slug)
https://www.mgi-paris.org/interview-7-jean-pierre-chretien-goni/,interview 7 jean pierre chretien goni,Interview,Enseignants/pros,2021-05-03,Archiver (rubrique Ressources),non (déduit du slug)
https://www.mgi-paris.org/interview-6-zabou-carriere-photographe/,interview 6 zabou carriere photographe,Interview,Enseignants/pros,2021-04-13,Archiver (rubrique Ressources),non (déduit du slug)
https://www.mgi-paris.org/interview-5-caroline-fauchon-marie-laure-basuyaux-professeures-de-lettres-modernes-et-d-options/,interview 5 caroline fauchon marie laure basuyaux professeures de lettres modernes et d options,Interview,Enseignants/pros,2021-03-02,Archiver (rubrique Ressources),non (déduit du slug)
https://www.mgi-paris.org/egalite-interview-4-dominique-paquet/,egalite interview 4 dominique paquet,Interview,Enseignants/pros,2022-02-09,Archiver (rubrique Ressources),non (déduit du slug)
https://www.mgi-paris.org/egalite-interview-3-eleve-3e-decembre-2020/,egalite interview 3 eleve 3e decembre 2020,Interview,Enseignants/pros,2021-01-29,Archiver (rubrique Ressources),non (déduit du slug)
https://www.mgi-paris.org/egalite-interview-2-marie-piemontese-florent-trochel-novembre-2020-2/,egalite interview 2 marie piemontese florent trochel novembre 2020 2,Interview,Enseignants/pros,2021-01-29,Archiver (rubrique Ressources),non (déduit du slug)
https://www.mgi-paris.org/egalite-interview-1-septembre-2020/,egalite interview 1 septembre 2020,Interview,Enseignants/pros,2021-03-31,Archiver (rubrique Ressources),non (déduit du slug)
https://www.mgi-paris.org/egalite-retour-en-images/,egalite retour en images,Thème annuel (ressource),Enseignants,2021-06-30,Archiver (Ressources),non (déduit du slug)
https://www.mgi-paris.org/victor-hugo-d-hier-a-aujourd-hui-teaser-college-verlaine/,victor hugo d hier a aujourd hui teaser college verlaine,Projet passé (atelier scolaire 2019-2021),Enseignants,2021-04-02,Archiver (galerie filtrable),non (déduit du slug)
https://www.mgi-paris.org/carte-blanche-bruno-bouchard-benloy-27-juin-2023/,carte blanche bruno bouchard benloy 27 juin 2023,Archive événements (carte blanche),Pros/partenaires,2023-05-15,Archiver,non (déduit du slug)
https://www.mgi-paris.org/carte-blanche-mario-sagradini-ombres-electric-20-avril-2023/,carte blanche mario sagradini ombres electric 20 avril 2023,Archive événements (carte blanche),Pros/partenaires,2023-03-07,Archiver,non (déduit du slug)
https://www.mgi-paris.org/carte-blanche-joggjogg-leandre-ruiz-dalaine-24-mars-2023/,carte blanche joggjogg leandre ruiz dalaine 24 mars 2023,Archive événements (carte blanche),Pros/partenaires,2023-02-06,Archiver,non (déduit du slug)
https://www.mgi-paris.org/carte-blanche-a-bras-le-corps-emile-loreaux-24-janvier-2023/,carte blanche a bras le corps emile loreaux 24 janvier 2023,Archive événements (carte blanche),Pros/partenaires,2023-02-06,Archiver,non (déduit du slug)
https://www.mgi-paris.org/carte-blanche-faire-des-films-le-filmaking-tendance-emilie-lamoine-20-octobre-2022/,carte blanche faire des films le filmaking tendance emilie lamoine 20 octobre 2022,Archive événements (carte blanche),Pros/partenaires,2022-09-20,Archiver,non (déduit du slug)
https://www.mgi-paris.org/carte-blanche-etape-de-creation-theatre-entre-eux-deux-compagnie-esquimots-marion-chobert-23-septembre-2022/,carte blanche etape de creation theatre entre eux deux compagnie esquimots marion chobert 23 septembre 2022,Archive événements (carte blanche),Pros/partenaires,2022-09-22,Archiver,non (déduit du slug)
https://www.mgi-paris.org/carte-blanche-sommeil-du-fils-julien-gaillard-22-juin-a-la-mgi/,carte blanche sommeil du fils julien gaillard 22 juin a la mgi,Archive événements (carte blanche),Pros/partenaires,2022-05-09,Archiver,non (déduit du slug)
https://www.mgi-paris.org/carte-blanche-hipspirit-fouad-hammani-22-mai-2022/,carte blanche hipspirit fouad hammani 22 mai 2022,Archive événements (carte blanche),Pros/partenaires,2022-05-19,Archiver,non (déduit du slug)
https://www.mgi-paris.org/carte-blanche-creation-sonore-portrait-d-horizon-nicolas-perrin-22-avril-2022/,carte blanche creation sonore portrait d horizon nicolas perrin 22 avril 2022,Archive événements (carte blanche),Pros/partenaires,2022-03-08,Archiver,non (déduit du slug)
https://www.mgi-paris.org/carte-blanche-theatre-se-construire-compagnie-s-vrai-stephane-schoukroun-jana-klein-22-mars-2022-a-la-mgi/,carte blanche theatre se construire compagnie s vrai stephane schoukroun jana klein 22 mars 2022 a la mgi,Archive événements (carte blanche),Pros/partenaires,2022-03-08,Archiver,non (déduit du slug)
https://www.mgi-paris.org/carte-blanche-video-soif-de-vivre-frederique-ribis-17-fevrier-2022/,carte blanche video soif de vivre frederique ribis 17 fevrier 2022,Archive événements (carte blanche),Pros/partenaires,2022-02-10,Archiver,non (déduit du slug)
https://www.mgi-paris.org/carte-blanche-theatre-on-dirait-que-kekchose-se-passe-fardin-mortavavi-16-fevrier-2022-2/,carte blanche theatre on dirait que kekchose se passe fardin mortavavi 16 fevrier 2022 2,Archive événements (carte blanche),Pros/partenaires,2022-01-25,Archiver,non (déduit du slug)
https://www.mgi-paris.org/carte-blanche-theatre-maintenant-que-je-sais-theatre-du-phare-2-fevrier-2022/,carte blanche theatre maintenant que je sais theatre du phare 2 fevrier 2022,Archive événements (carte blanche),Pros/partenaires,2022-02-22,Archiver,non (déduit du slug)
https://www.mgi-paris.org/interview-julien-gaillard-auteur-metteur-en-scene/,interview julien gaillard auteur metteur en scene,Interview,Enseignants/pros,2022-07-11,Archiver (rubrique Ressources),non (déduit du slug)
https://www.mgi-paris.org/interview-haut-parleurs/,interview haut parleurs,Interview,Enseignants/pros,2022-07-11,Archiver (rubrique Ressources),non (déduit du slug)
https://www.mgi-paris.org/interview-jonathan-salmon-comedien-metteur-en-scene/,interview jonathan salmon comedien metteur en scene,Interview,Enseignants/pros,2022-07-11,Archiver (rubrique Ressources),non (déduit du slug)
https://www.mgi-paris.org/interview-frederique-ribis-realisatrice/,interview frederique ribis realisatrice,Interview,Enseignants/pros,2022-07-11,Archiver (rubrique Ressources),non (déduit du slug)
https://www.mgi-paris.org/interview-marie-hudelot-photographe-plasticienne/,interview marie hudelot photographe plasticienne,Interview,Enseignants/pros,2022-07-11,Archiver (rubrique Ressources),non (déduit du slug)
https://www.mgi-paris.org/interview-boris-jamet-fournier/,interview boris jamet fournier,Interview,Enseignants/pros,2022-07-11,Archiver (rubrique Ressources),non (déduit du slug)
https://www.mgi-paris.org/interview-2-amar-trabelsi-et-ses-eleves/,interview 2 amar trabelsi et ses eleves,Interview,Enseignants/pros,2022-07-11,Archiver (rubrique Ressources),non (déduit du slug)
https://www.mgi-paris.org/interview-1-olivier-letellier/,interview 1 olivier letellier,Interview,Enseignants/pros,2022-07-11,Archiver (rubrique Ressources),non (déduit du slug)
https://www.mgi-paris.org/liberte-confinee-hier-aujourdhui-demain/,liberte confinee hier aujourdhui demain,Thème annuel (ressource),Enseignants,2020-05-28,Archiver (Ressources),non (déduit du slug)
https://www.mgi-paris.org/qu-aimerais-tu-dire-france-jolly-metteure-en-scene-eleves-paul-bert/,qu aimerais tu dire france jolly metteure en scene eleves paul bert,Projet passé (atelier scolaire 2019-2021),Enseignants,2020-06-19,Archiver (galerie filtrable),non (déduit du slug)
https://www.mgi-paris.org/ptites-mains-benedicte-loyen-benloy-comedienne/,ptites mains benedicte loyen benloy comedienne,Projet passé (atelier scolaire 2019-2021),Enseignants,2020-05-27,Archiver (galerie filtrable),non (déduit du slug)
https://www.mgi-paris.org/video-visite-atelier-francois-delebecque/,video visite atelier francois delebecque,Projet passé (atelier scolaire 2019-2021),Enseignants,2020-05-27,Archiver (galerie filtrable),non (déduit du slug)
https://www.mgi-paris.org/poeme-d-objets-isabelle-voisin-professeur-college-jean-baptiste-poquelin/,poeme d objets isabelle voisin professeur college jean baptiste poquelin,Projet passé (atelier scolaire 2019-2021),Enseignants,2020-06-12,Archiver (galerie filtrable),non (déduit du slug)
https://www.mgi-paris.org/bouts-de-cartoons-association-hauts-parleurs/,bouts de cartoons association hauts parleurs,Projet passé (atelier scolaire 2019-2021),Enseignants,2020-05-27,Archiver (galerie filtrable),non (déduit du slug)
https://www.mgi-paris.org/le-grand-detournement-stephanie-duthe-professeure-college-jean-baptiste-poquelin/,le grand detournement stephanie duthe professeure college jean baptiste poquelin,Projet passé (atelier scolaire 2019-2021),Enseignants,2020-05-27,Archiver (galerie filtrable),non (déduit du slug)
https://www.mgi-paris.org/libertes-confinees-charlotte/,libertes confinees charlotte,Thème annuel (ressource),Enseignants,2020-05-27,Archiver (Ressources),non (déduit du slug)
https://www.mgi-paris.org/libertes-confinees-claude-barreau-professeur/,libertes confinees claude barreau professeur,Thème annuel (ressource),Enseignants,2020-05-27,Archiver (Ressources),non (déduit du slug)
https://www.mgi-paris.org/cadavrexquis-video-mario-sagradini/,cadavrexquis video mario sagradini,Projet passé (atelier scolaire 2019-2021),Enseignants,2020-05-27,Archiver (galerie filtrable),non (déduit du slug)
https://www.mgi-paris.org/libertes-confinees-anne-veaute-photographe/,libertes confinees anne veaute photographe,Thème annuel (ressource),Enseignants,2020-05-27,Archiver (Ressources),non (déduit du slug)
https://www.mgi-paris.org/morceau-de-ciel-derobe-olivia-kryger/,morceau de ciel derobe olivia kryger,Projet passé (atelier scolaire 2019-2021),Enseignants,2020-05-27,Archiver (galerie filtrable),non (déduit du slug)
https://www.mgi-paris.org/libertes-confinees-alice-bouche-professeure-lycee-jean-lurcat/,libertes confinees alice bouche professeure lycee jean lurcat,Thème annuel (ressource),Enseignants,2020-05-27,Archiver (Ressources),non (déduit du slug)
https://www.mgi-paris.org/sentiment-d-injustice-chantal-petillot-vanessa-criqui-eleve-du-college-paul-verlaine/,sentiment d injustice chantal petillot vanessa criqui eleve du college paul verlaine,Projet passé (atelier scolaire 2019-2021),Enseignants,2020-06-16,Archiver (galerie filtrable),non (déduit du slug)
https://www.mgi-paris.org/fenetre-sur-cour-isabel-voisin-professeure/,fenetre sur cour isabel voisin professeure,Projet passé (atelier scolaire 2019-2021),Enseignants,2020-05-27,Archiver (galerie filtrable),non (déduit du slug)
https://www.mgi-paris.org/les-animaux-malade-de-la-peste-extrait-audio-chantal-petillot-metteure-en-scene/,les animaux malade de la peste extrait audio chantal petillot metteure en scene,Projet passé (atelier scolaire 2019-2021),Enseignants,2020-05-27,Archiver (galerie filtrable),non (déduit du slug)
https://www.mgi-paris.org/appel-aux-eleve-e-realiser-un-film-sur-la-liberte-lycee-decour/,appel aux eleve e realiser un film sur la liberte lycee decour,Thème annuel (ressource),Enseignants,2020-05-27,Archiver (Ressources),non (déduit du slug)
